日期,省,累计确诊,累计治愈,累计死亡
2020/11/22,上海市,1308,1236,7
2020/11/22,江西省,935,934,1
2020/11/22,内蒙古自治区,310,291,1
2020/11/22,北京市,950,936,9
2020/11/22,台湾,1,1,0
2020/11/22,吉林省,157,155,2
2020/11/22,天津市,298,277,3
2020/11/22,江苏省,677,670,0
2020/11/22,云南省,217,210,2
2020/11/22,山东省,849,841,7
2020/11/22,山西省,220,215,0
2020/11/22,广东省,1979,1939,8
2020/11/22,广西省,263,258,2
2020/11/22,新疆维吾尔族自治区,980,977,3
2020/11/22,宁夏回族自治区,75,75,0
2020/11/22,安徽省,992,985,6
2020/11/22,甘肃省,181,178,2
2020/11/22,四川省,797,745,3
2020/11/22,辽宁省,289,283,2
2020/11/22,河北省,373,365,6
2020/11/22,海南省,171,165,6
2020/11/22,湖北省,68148,63628,4512
2020/11/22,湖南省,1020,1016,4
2020/11/22,澳门特别行政区,46,46,0
2020/11/22,福建省,474,434,1
2020/11/22,河南省,1288,1261,22
2020/11/22,浙江省,1293,1283,1
2020/11/22,重庆市,590,583,6
2020/11/22,陕西省,493,447,3
2020/11/22,青海省,18,18,0
2020/11/22,香港特别行政区,5628,5259,108
2020/11/22,黑龙江省,949,936,13
2020/11/22,西藏自治区,1,1,0
2020/11/22,贵州省,147,145,2
2020/11/23,北京市,950,936,9
2020/11/23,台湾,1,1,0
2020/11/23,吉林省,157,155,2
2020/11/23,四川省,800,748,3
2020/11/23,天津市,299,279,3
2020/11/23,云南省,217,210,2
2020/11/23,安徽省,992,985,6
2020/11/23,广西省,263,258,2
2020/11/23,新疆维吾尔族自治区,980,977,3
2020/11/23,江西省,935,934,1
2020/11/23,山西省,220,215,0
2020/11/23,山东省,849,841,7
2020/11/23,广东省,1983,1940,8
2020/11/23,内蒙古自治区,311,291,1
2020/11/23,上海市,1312,1242,7
2020/11/23,江苏省,679,671,0
2020/11/23,宁夏回族自治区,75,75,0
2020/11/23,河北省,373,366,6
2020/11/23,海南省,171,165,6
2020/11/23,湖北省,68148,63628,4512
2020/11/23,湖南省,1020,1016,4
2020/11/23,澳门特别行政区,46,46,0
2020/11/23,甘肃省,181,178,2
2020/11/23,贵州省,147,145,2
2020/11/23,陕西省,495,449,3
2020/11/23,浙江省,1293,1283,1
2020/11/23,福建省,478,434,1
2020/11/23,青海省,18,18,0
2020/11/23,香港特别行政区,5701,5267,108
2020/11/23,黑龙江省,949,936,13
2020/11/23,西藏自治区,1,1,0
2020/11/23,河南省,1289,1261,22
2020/11/23,辽宁省,289,283,2
2020/11/23,重庆市,590,583,6
2020/11/24,江西省,935,934,1
2020/11/24,云南省,217,210,2
2020/11/24,内蒙古自治区,311,291,1
2020/11/24,北京市,950,936,9
2020/11/24,台湾,1,1,0
2020/11/24,吉林省,157,155,2
2020/11/24,四川省,800,754,3
2020/11/24,天津市,299,279,3
2020/11/24,宁夏回族自治区,75,75,0
2020/11/24,安徽省,992,985,6
2020/11/24,山西省,220,215,0
2020/11/24,广东省,1984,1941,8
2020/11/24,广西省,263,258,2
2020/11/24,新疆维吾尔族自治区,980,977,3
2020/11/24,江苏省,679,671,0
2020/11/24,上海市,1314,1249,7
2020/11/24,山东省,849,841,7
2020/11/24,河北省,373,366,6
2020/11/24,辽宁省,289,285,2
2020/11/24,陕西省,496,453,3
2020/11/24,浙江省,1293,1283,1
2020/11/24,海南省,171,165,6
2020/11/24,湖北省,68148,63628,4512
2020/11/24,澳门特别行政区,46,46,0
2020/11/24,甘肃省,181,179,2
2020/11/24,福建省,479,437,1
2020/11/24,湖南省,1020,1016,4
2020/11/24,重庆市,590,583,6
2020/11/24,青海省,18,18,0
2020/11/24,香港特别行政区,5781,5274,108
2020/11/24,黑龙江省,949,936,13
2020/11/24,河南省,1289,1261,22
2020/11/24,西藏自治区,1,1,0
2020/11/24,贵州省,147,145,2
2020/11/25,宁夏回族自治区,75,75,0
2020/11/25,云南省,217,210,2
2020/11/25,台湾,1,1,0
2020/11/25,吉林省,157,155,2
2020/11/25,四川省,801,758,3
2020/11/25,天津市,299,279,3
2020/11/25,上海市,1319,1253,7
2020/11/25,内蒙古自治区,320,296,1
2020/11/25,山西省,220,216,0
2020/11/25,广东省,1988,1942,8
2020/11/25,江苏省,680,672,0
2020/11/25,新疆维吾尔族自治区,980,977,3
2020/11/25,广西省,263,258,2
2020/11/25,安徽省,992,985,6
2020/11/25,山东省,849,841,7
2020/11/25,北京市,950,937,9
2020/11/25,河北省,373,366,6
2020/11/25,贵州省,147,145,2
2020/11/25,海南省,171,165,6
2020/11/25,湖北省,68148,63629,4512
2020/11/25,湖南省,1020,1016,4
2020/11/25,澳门特别行政区,46,46,0
2020/11/25,甘肃省,181,179,2
2020/11/25,福建省,480,437,1
2020/11/25,青海省,18,18,0
2020/11/25,重庆市,590,583,6
2020/11/25,江西省,935,934,1
2020/11/25,陕西省,496,455,3
2020/11/25,香港特别行政区,5866,5295,108
2020/11/25,黑龙江省,949,936,13
2020/11/25,浙江省,1293,1283,1
2020/11/25,西藏自治区,1,1,0
2020/11/25,辽宁省,289,285,2
2020/11/25,河南省,1289,1261,22
2020/11/26,台湾,1,1,0
2020/11/26,吉林省,157,155,2
2020/11/26,天津市,299,281,3
2020/11/26,宁夏回族自治区,75,75,0
2020/11/26,云南省,217,210,2
2020/11/26,山东省,849,841,7
2020/11/26,安徽省,992,985,6
2020/11/26,河南省,1289,1261,22
2020/11/26,江苏省,680,672,0
2020/11/26,北京市,950,937,9
2020/11/26,广西省,263,258,2
2020/11/26,广东省,1988,1943,8
2020/11/26,山西省,220,217,0
2020/11/26,新疆维吾尔族自治区,980,977,3
2020/11/26,江西省,935,934,1
2020/11/26,内蒙古自治区,320,296,1
2020/11/26,四川省,801,759,3
2020/11/26,河北省,373,366,6
2020/11/26,湖南省,1020,1016,4
2020/11/26,甘肃省,181,179,2
2020/11/26,福建省,481,438,1
2020/11/26,贵州省,147,145,2
2020/11/26,青海省,18,18,0
2020/11/26,重庆市,590,583,6
2020/11/26,陕西省,497,455,3
2020/11/26,湖北省,68148,63629,4512
2020/11/26,香港特别行政区,5947,5300,108
2020/11/26,海南省,171,165,6
2020/11/26,澳门特别行政区,46,46,0
2020/11/26,浙江省,1293,1283,1
2020/11/26,上海市,1322,1253,7
2020/11/26,西藏自治区,1,1,0
2020/11/26,黑龙江省,949,936,13
2020/11/26,辽宁省,289,286,2
2020/11/27,新疆维吾尔族自治区,980,977,3
2020/11/27,云南省,218,210,2
2020/11/27,上海市,1322,1257,7
2020/11/27,吉林省,157,155,2
2020/11/27,四川省,802,759,3
2020/11/27,天津市,300,283,3
2020/11/27,宁夏回族自治区,75,75,0
2020/11/27,北京市,950,937,9
2020/11/27,安徽省,992,986,6
2020/11/27,江西省,935,934,1
2020/11/27,河南省,1289,1261,22
2020/11/27,广西省,263,258,2
2020/11/27,广东省,1988,1947,8
2020/11/27,山西省,220,217,0
2020/11/27,内蒙古自治区,320,301,1
2020/11/27,山东省,849,841,7
2020/11/27,江苏省,680,672,0
2020/11/27,台湾,1,1,0
2020/11/27,浙江省,1294,1283,1
2020/11/27,湖北省,68148,63630,4512
2020/11/27,湖南省,1020,1016,4
2020/11/27,澳门特别行政区,46,46,0
2020/11/27,甘肃省,181,179,2
2020/11/27,福建省,483,440,1
2020/11/27,贵州省,147,145,2
2020/11/27,重庆市,590,583,6
2020/11/27,河北省,373,366,6
2020/11/27,香港特别行政区,6039,5313,108
2020/11/27,黑龙江省,949,936,13
2020/11/27,西藏自治区,1,1,0
2020/11/27,海南省,171,165,6
2020/11/27,辽宁省,289,286,2
2020/11/27,青海省,18,18,0
2020/11/27,陕西省,497,460,3
2020/11/28,河南省,1289,1261,22
2020/11/28,台湾,1,1,0
2020/11/28,吉林省,157,155,2
2020/11/28,四川省,803,760,3
2020/11/28,天津市,300,283,3
2020/11/28,北京市,950,937,9
2020/11/28,安徽省,992,986,6
2020/11/28,广东省,1988,1947,8
2020/11/28,山西省,220,217,0
2020/11/28,广西省,263,258,2
2020/11/28,新疆维吾尔族自治区,980,977,3
2020/11/28,江苏省,680,672,0
2020/11/28,江西省,935,934,1
2020/11/28,内蒙古自治区,320,302,1
2020/11/28,山东省,849,841,7
2020/11/28,宁夏回族自治区,75,75,0
2020/11/28,云南省,219,210,2
2020/11/28,河北省,373,366,6
2020/11/28,上海市,1325,1266,7
2020/11/28,湖北省,68148,63630,4512
2020/11/28,湖南省,1020,1016,4
2020/11/28,澳门特别行政区,46,46,0
2020/11/28,甘肃省,182,179,2
2020/11/28,贵州省,147,145,2
2020/11/28,重庆市,590,583,6
2020/11/28,福建省,487,442,1
2020/11/28,香港特别行政区,6123,5328,109
2020/11/28,黑龙江省,949,936,13
2020/11/28,西藏自治区,1,1,0
2020/11/28,海南省,171,165,6
2020/11/28,辽宁省,289,286,2
2020/11/28,青海省,18,18,0
2020/11/28,浙江省,1294,1283,1
2020/11/28,陕西省,498,463,3
2020/11/29,浙江省,1294,1283,1
2020/11/29,北京市,950,938,9
2020/11/29,内蒙古自治区,323,304,1
2020/11/29,云南省,219,210,2
2020/11/29,宁夏回族自治区,75,75,0
2020/11/29,安徽省,992,986,6
2020/11/29,山西省,221,217,0
2020/11/29,台湾,1,1,0
2020/11/29,上海市,1330,1272,7
2020/11/29,广东省,1989,1950,8
2020/11/29,广西省,263,258,2
2020/11/29,新疆维吾尔族自治区,980,977,3
2020/11/29,江苏省,680,672,0
2020/11/29,江西省,935,934,1
2020/11/29,河北省,373,366,6
2020/11/29,山东省,854,841,7
2020/11/29,吉林省,157,155,2
2020/11/29,青海省,18,18,0
2020/11/29,天津市,300,285,3
2020/11/29,澳门特别行政区,46,46,0
2020/11/29,甘肃省,182,179,2
2020/11/29,福建省,487,443,1
2020/11/29,贵州省,147,145,2
2020/11/29,黑龙江省,949,936,13
2020/11/29,陕西省,498,463,3
2020/11/29,四川省,806,760,3
2020/11/29,湖南省,1020,1016,4
2020/11/29,湖北省,68148,63633,4512
2020/11/29,西藏自治区,1,1,0
2020/11/29,辽宁省,289,286,2
2020/11/29,海南省,171,165,6
2020/11/29,重庆市,590,583,6
2020/11/29,河南省,1289,1261,22
2020/11/29,香港特别行政区,6238,5340,109
2020/11/30,海南省,171,165,6
2020/11/30,四川省,808,761,3
2020/11/30,天津市,300,286,3
2020/11/30,宁夏回族自治区,75,75,0
2020/11/30,安徽省,992,986,6
2020/11/30,吉林省,157,155,2
2020/11/30,山西省,221,217,0
2020/11/30,新疆维吾尔族自治区,980,977,3
2020/11/30,广西省,263,259,2
2020/11/30,江苏省,680,672,0
2020/11/30,江西省,935,934,1
2020/11/30,河北省,373,366,6
2020/11/30,山东省,854,841,7
2020/11/30,台湾,1,1,0
2020/11/30,广东省,1989,1950,8
2020/11/30,北京市,951,938,9
2020/11/30,河南省,1289,1262,22
2020/11/30,云南省,219,210,2
2020/11/30,澳门特别行政区,46,46,0
2020/11/30,甘肃省,182,179,2
2020/11/30,贵州省,147,145,2
2020/11/30,辽宁省,289,286,2
2020/11/30,重庆市,590,583,6
2020/11/30,黑龙江省,949,936,13
2020/11/30,青海省,18,18,0
2020/11/30,内蒙古自治区,327,305,1
2020/11/30,湖南省,1020,1016,4
2020/11/30,西藏自治区,1,1,0
2020/11/30,陕西省,499,468,3
2020/11/30,湖北省,68148,63633,4512
2020/11/30,福建省,489,443,1
2020/11/30,浙江省,1294,1283,1
2020/11/30,上海市,1332,1277,7
2020/11/30,香港特别行政区,6314,5344,109
2020/12/1,内蒙古自治区,329,305,1
2020/12/1,云南省,219,210,2
2020/12/1,上海市,1333,1279,7
2020/12/1,安徽省,992,986,6
2020/12/1,台湾,1,1,0
2020/12/1,山西省,221,218,0
2020/12/1,山东省,854,841,7
2020/12/1,江西省,935,934,1
2020/12/1,河南省,1290,1263,22
2020/12/1,河北省,373,366,6
2020/12/1,海南省,171,165,6
2020/12/1,江苏省,680,672,0
2020/12/1,新疆维吾尔族自治区,980,977,3
2020/12/1,广西省,263,259,2
2020/12/1,北京市,951,938,9
2020/12/1,浙江省,1294,1283,1
2020/12/1,广东省,1992,1952,8
2020/12/1,吉林省,157,155,2
2020/12/1,天津市,300,287,3
2020/12/1,四川省,808,767,3
2020/12/1,甘肃省,182,179,2
2020/12/1,福建省,490,447,1
2020/12/1,辽宁省,289,286,2
2020/12/1,黑龙江省,949,936,13
2020/12/1,青海省,18,18,0
2020/12/1,香港特别行政区,6396,5361,109
2020/12/1,重庆市,590,583,6
2020/12/1,澳门特别行政区,46,46,0
2020/12/1,陕西省,500,468,3
2020/12/1,湖南省,1020,1016,4
2020/12/1,贵州省,147,145,2
2020/12/1,湖北省,68148,63633,4512
2020/12/1,宁夏回族自治区,75,75,0
2020/12/1,西藏自治区,1,1,0
2020/12/2,吉林省,157,155,2
2020/12/2,海南省,171,165,6
2020/12/2,四川省,808,773,3
2020/12/2,天津市,300,290,3
2020/12/2,宁夏回族自治区,75,75,0
2020/12/2,安徽省,992,986,6
2020/12/2,山东省,856,841,7
2020/12/2,台湾,1,1,0
2020/12/2,广东省,1996,1953,8
2020/12/2,广西省,263,260,2
2020/12/2,新疆维吾尔族自治区,980,977,3
2020/12/2,江苏省,680,672,0
2020/12/2,江西省,935,934,1
2020/12/2,河北省,373,366,6
2020/12/2,山西省,221,218,0
2020/12/2,北京市,951,938,9
2020/12/2,河南省,1290,1263,22
2020/12/2,云南省,219,210,2
2020/12/2,西藏自治区,1,1,0
2020/12/2,香港特别行政区,6499,5394,110
2020/12/2,青海省,18,18,0
2020/12/2,陕西省,501,469,3
2020/12/2,重庆市,590,583,6
2020/12/2,辽宁省,289,286,2
2020/12/2,贵州省,147,145,2
2020/12/2,内蒙古自治区,330,306,1
2020/12/2,甘肃省,182,179,2
2020/12/2,澳门特别行政区,46,46,0
2020/12/2,湖南省,1020,1016,4
2020/12/2,黑龙江省,949,936,13
2020/12/2,湖北省,68149,63633,4512
2020/12/2,浙江省,1294,1283,1
2020/12/2,上海市,1341,1280,7
2020/12/2,福建省,490,450,1
2020/12/3,台湾,1,1,0
2020/12/3,北京市,951,938,9
2020/12/3,云南省,219,210,2
2020/12/3,上海市,1350,1285,7
2020/12/3,湖北省,68149,63633,4512
2020/12/3,浙江省,1294,1288,1
2020/12/3,江苏省,680,672,0
2020/12/3,河北省,373,366,6
2020/12/3,江西省,935,934,1
2020/12/3,吉林省,157,155,2
2020/12/3,新疆维吾尔族自治区,980,977,3
2020/12/3,广西省,263,260,2
2020/12/3,广东省,1997,1953,8
2020/12/3,山西省,221,218,0
2020/12/3,河南省,1292,1265,22
2020/12/3,四川省,808,774,3
2020/12/3,内蒙古自治区,333,306,1
2020/12/3,宁夏回族自治区,75,75,0
2020/12/3,甘肃省,182,179,2
2020/12/3,福建省,492,450,1
2020/12/3,贵州省,147,145,2
2020/12/3,辽宁省,289,287,2
2020/12/3,黑龙江省,949,936,13
2020/12/3,陕西省,501,471,3
2020/12/3,青海省,18,18,0
2020/12/3,天津市,300,291,3
2020/12/3,西藏自治区,1,1,0
2020/12/3,重庆市,590,583,6
2020/12/3,澳门特别行政区,46,46,0
2020/12/3,湖南省,1020,1016,4
2020/12/3,海南省,171,165,6
2020/12/3,山东省,857,841,7
2020/12/3,安徽省,992,986,6
2020/12/3,香港特别行政区,6589,5423,111
2020/12/4,宁夏回族自治区,75,75,0
2020/12/4,甘肃省,182,179,2
2020/12/4,山东省,857,841,7
2020/12/4,山西省,222,218,0
2020/12/4,广东省,2000,1956,8
2020/12/4,广西省,263,260,2
2020/12/4,安徽省,992,986,6
2020/12/4,海南省,171,165,6
2020/12/4,新疆维吾尔族自治区,980,977,3
2020/12/4,湖北省,68149,63633,4512
2020/12/4,浙江省,1294,1288,1
2020/12/4,湖南省,1020,1016,4
2020/12/4,河北省,373,366,6
2020/12/4,江西省,935,934,1
2020/12/4,天津市,300,292,3
2020/12/4,江苏省,680,674,0
2020/12/4,河南省,1295,1265,22
2020/12/4,四川省,811,776,3
2020/12/4,台湾,1,1,0
2020/12/4,北京市,952,939,9
2020/12/4,辽宁省,289,287,2
2020/12/4,重庆市,590,583,6
2020/12/4,内蒙古自治区,333,306,1
2020/12/4,青海省,18,18,0
2020/12/4,上海市,1353,1288,7
2020/12/4,黑龙江省,949,936,13
2020/12/4,吉林省,157,155,2
2020/12/4,云南省,219,210,2
2020/12/4,贵州省,147,145,2
2020/12/4,香港特别行政区,6701,5465,112
2020/12/4,福建省,493,450,1
2020/12/4,陕西省,501,474,3
2020/12/4,澳门特别行政区,46,46,0
2020/12/4,西藏自治区,1,1,0
2020/12/5,吉林省,157,155,2
2020/12/5,台湾,1,1,0
2020/12/5,北京市,952,939,9
2020/12/5,内蒙古自治区,333,306,1
2020/12/5,四川省,812,777,3
2020/12/5,上海市,1359,1291,7
2020/12/5,云南省,220,210,2
2020/12/5,江西省,935,934,1
2020/12/5,河南省,1295,1266,22
2020/12/5,河北省,373,366,6
2020/12/5,海南省,171,165,6
2020/12/5,新疆维吾尔族自治区,980,977,3
2020/12/5,广西省,263,260,2
2020/12/5,天津市,301,292,3
2020/12/5,湖南省,1020,1016,4
2020/12/5,浙江省,1294,1288,1
2020/12/5,江苏省,680,674,0
2020/12/5,宁夏回族自治区,75,75,0
2020/12/5,山东省,857,841,7
2020/12/5,安徽省,992,986,6
2020/12/5,甘肃省,182,179,2
2020/12/5,西藏自治区,1,1,0
2020/12/5,香港特别行政区,6802,5511,112
2020/12/5,陕西省,502,474,3
2020/12/5,重庆市,590,583,6
2020/12/5,辽宁省,289,287,2
2020/12/5,青海省,18,18,0
2020/12/5,福建省,499,452,1
2020/12/5,黑龙江省,949,936,13
2020/12/5,澳门特别行政区,46,46,0
2020/12/5,湖北省,68149,63633,4512
2020/12/5,广东省,2002,1958,8
2020/12/5,山西省,222,218,0
2020/12/5,贵州省,147,145,2
2020/12/6,浙江省,1295,1288,1
2020/12/6,天津市,301,292,3
2020/12/6,宁夏回族自治区,75,75,0
2020/12/6,安徽省,992,986,6
2020/12/6,四川省,812,779,3
2020/12/6,山西省,222,218,0
2020/12/6,河南省,1295,1266,22
2020/12/6,湖南省,1020,1016,4
2020/12/6,海南省,171,165,6
2020/12/6,江苏省,680,674,0
2020/12/6,新疆维吾尔族自治区,980,977,3
2020/12/6,广西省,263,260,2
2020/12/6,广东省,2004,1960,8
2020/12/6,江西省,935,934,1
2020/12/6,河北省,373,367,6
2020/12/6,吉林省,157,155,2
2020/12/6,山东省,857,841,7
2020/12/6,北京市,952,939,9
2020/12/6,西藏自治区,1,1,0
2020/12/6,黑龙江省,949,936,13
2020/12/6,香港特别行政区,6897,5567,112
2020/12/6,青海省,18,18,0
2020/12/6,陕西省,502,478,3
2020/12/6,重庆市,590,583,6
2020/12/6,辽宁省,289,287,2
2020/12/6,甘肃省,182,180,2
2020/12/6,台湾,1,1,0
2020/12/6,福建省,500,453,1
2020/12/6,澳门特别行政区,46,46,0
2020/12/6,湖北省,68149,63633,4512
2020/12/6,上海市,1366,1294,7
2020/12/6,云南省,221,210,2
2020/12/6,内蒙古自治区,336,308,1
2020/12/6,贵州省,147,145,2
2020/12/7,安徽省,992,986,6
2020/12/7,山东省,857,841,7
2020/12/7,甘肃省,182,180,2
2020/12/7,宁夏回族自治区,75,75,0
2020/12/7,广东省,2007,1964,8
2020/12/7,湖南省,1020,1016,4
2020/12/7,湖北省,68149,63635,4512
2020/12/7,海南省,171,165,6
2020/12/7,浙江省,1295,1288,1
2020/12/7,河南省,1295,1266,22
2020/12/7,江西省,935,934,1
2020/12/7,新疆维吾尔族自治区,980,977,3
2020/12/7,广西省,263,260,2
2020/12/7,天津市,301,292,3
2020/12/7,山西省,222,218,0
2020/12/7,四川省,820,781,3
2020/12/7,河北省,373,367,6
2020/12/7,台湾,1,1,0
2020/12/7,西藏自治区,1,1,0
2020/12/7,贵州省,147,145,2
2020/12/7,黑龙江省,949,936,13
2020/12/7,香港特别行政区,6975,5626,112
2020/12/7,青海省,18,18,0
2020/12/7,陕西省,502,479,3
2020/12/7,重庆市,590,583,6
2020/12/7,吉林省,157,155,2
2020/12/7,福建省,500,453,1
2020/12/7,江苏省,680,674,0
2020/12/7,澳门特别行政区,46,46,0
2020/12/7,上海市,1370,1299,7
2020/12/7,云南省,221,210,2
2020/12/7,内蒙古自治区,336,308,1
2020/12/7,北京市,952,939,9
2020/12/7,辽宁省,289,287,2
2020/12/8,天津市,301,292,3
2020/12/8,安徽省,992,986,6
2020/12/8,山东省,857,841,7
2020/12/8,山西省,222,218,0
2020/12/8,宁夏回族自治区,75,75,0
2020/12/8,广西省,264,261,2
2020/12/8,湖南省,1020,1016,4
2020/12/8,河南省,1295,1266,22
2020/12/8,海南省,171,165,6
2020/12/8,浙江省,1295,1288,1
2020/12/8,湖北省,68149,63635,4512
2020/12/8,江西省,935,934,1
2020/12/8,江苏省,681,675,0
2020/12/8,新疆维吾尔族自治区,980,977,3
2020/12/8,四川省,822,783,3
2020/12/8,广东省,2009,1966,8
2020/12/8,河北省,373,367,6
2020/12/8,吉林省,157,155,2
2020/12/8,北京市,952,939,9
2020/12/8,台湾,1,1,0
2020/12/8,西藏自治区,1,1,0
2020/12/8,贵州省,147,145,2
2020/12/8,黑龙江省,949,936,13
2020/12/8,青海省,18,18,0
2020/12/8,陕西省,502,480,3
2020/12/8,重庆市,590,583,6
2020/12/8,香港特别行政区,7075,5696,112
2020/12/8,福建省,500,454,1
2020/12/8,甘肃省,182,180,2
2020/12/8,澳门特别行政区,46,46,0
2020/12/8,上海市,1376,1300,7
2020/12/8,云南省,221,210,2
2020/12/8,内蒙古自治区,336,308,1
2020/12/8,辽宁省,289,287,2
2020/12/9,湖南省,1020,1016,4
2020/12/9,天津市,301,293,3
2020/12/9,四川省,822,786,3
2020/12/9,安徽省,992,986,6
2020/12/9,台湾,1,1,0
2020/12/9,澳门特别行政区,46,46,0
2020/12/9,吉林省,157,155,2
2020/12/9,宁夏回族自治区,75,75,0
2020/12/9,浙江省,1295,1290,1
2020/12/9,湖北省,68149,63635,4512
2020/12/9,上海市,1385,1302,7
2020/12/9,云南省,221,210,2
2020/12/9,内蒙古自治区,337,309,1
2020/12/9,北京市,952,939,9
2020/12/9,海南省,171,165,6
2020/12/9,山东省,857,841,7
2020/12/9,河南省,1295,1266,22
2020/12/9,广东省,2010,1968,8
2020/12/9,辽宁省,289,287,2
2020/12/9,西藏自治区,1,1,0
2020/12/9,黑龙江省,949,936,13
2020/12/9,香港特别行政区,7179,5783,114
2020/12/9,青海省,18,18,0
2020/12/9,陕西省,502,480,3
2020/12/9,重庆市,590,583,6
2020/12/9,山西省,222,218,0
2020/12/9,福建省,501,455,1
2020/12/9,甘肃省,182,180,2
2020/12/9,河北省,373,367,6
2020/12/9,江西省,935,934,1
2020/12/9,江苏省,681,675,0
2020/12/9,新疆维吾尔族自治区,980,977,3
2020/12/9,广西省,264,261,2
2020/12/9,贵州省,147,145,2
2020/12/10,安徽省,992,986,6
2020/12/10,山西省,222,218,0
2020/12/10,山东省,857,841,7
2020/12/10,新疆维吾尔族自治区,980,977,3
2020/12/10,澳门特别行政区,46,46,0
2020/12/10,湖南省,1020,1016,4
2020/12/10,海南省,171,165,6
2020/12/10,广西省,264,261,2
2020/12/10,浙江省,1295,1290,1
2020/12/10,宁夏回族自治区,75,75,0
2020/12/10,河南省,1295,1266,22
2020/12/10,河北省,373,367,6
2020/12/10,江西省,935,934,1
2020/12/10,江苏省,681,675,0
2020/12/10,湖北省,68149,63636,4512
2020/12/10,天津市,301,293,3
2020/12/10,广东省,2013,1969,8
2020/12/10,吉林省,157,155,2
2020/12/10,辽宁省,289,287,2
2020/12/10,西藏自治区,1,1,0
2020/12/10,黑龙江省,951,936,13
2020/12/10,香港特别行政区,7291,5900,114
2020/12/10,青海省,18,18,0
2020/12/10,陕西省,502,480,3
2020/12/10,重庆市,590,583,6
2020/12/10,四川省,826,787,3
2020/12/10,福建省,501,458,1
2020/12/10,甘肃省,182,180,2
2020/12/10,上海市,1390,1302,7
2020/12/10,云南省,222,210,2
2020/12/10,内蒙古自治区,337,311,1
2020/12/10,北京市,952,939,9
2020/12/10,台湾,1,1,0
2020/12/10,贵州省,147,145,2
2020/12/11,山东省,857,841,7
2020/12/11,山西省,222,218,0
2020/12/11,广东省,2015,1970,8
2020/12/11,安徽省,992,986,6
2020/12/11,新疆维吾尔族自治区,980,977,3
2020/12/11,甘肃省,182,180,2
2020/12/11,澳门特别行政区,46,46,0
2020/12/11,湖南省,1020,1016,4
2020/12/11,湖北省,68149,63636,4512
2020/12/11,海南省,171,165,6
2020/12/11,河南省,1295,1266,22
2020/12/11,河北省,373,367,6
2020/12/11,江西省,935,934,1
2020/12/11,江苏省,683,675,0
2020/12/11,宁夏回族自治区,75,75,0
2020/12/11,广西省,264,261,2
2020/12/11,浙江省,1296,1290,1
2020/12/11,天津市,302,294,3
2020/12/11,吉林省,157,155,2
2020/12/11,重庆市,590,583,6
2020/12/11,黑龙江省,951,936,13
2020/12/11,香港特别行政区,7377,5996,114
2020/12/11,青海省,18,18,0
2020/12/11,陕西省,502,481,3
2020/12/11,西藏自治区,1,1,0
2020/12/11,辽宁省,289,287,2
2020/12/11,四川省,826,790,3
2020/12/11,福建省,502,458,1
2020/12/11,上海市,1395,1306,7
2020/12/11,云南省,223,210,2
2020/12/11,内蒙古自治区,337,313,1
2020/12/11,北京市,952,939,9
2020/12/11,台湾,1,1,0
2020/12/11,贵州省,147,145,2
2020/12/12,安徽省,992,986,6
2020/12/12,山东省,858,841,7
2020/12/12,广东省,2016,1972,8
2020/12/12,山西省,222,218,0
2020/12/12,新疆维吾尔族自治区,980,977,3
2020/12/12,江苏省,684,675,0
2020/12/12,江西省,935,934,1
2020/12/12,海南省,171,165,6
2020/12/12,河南省,1295,1266,22
2020/12/12,浙江省,1296,1290,1
2020/12/12,广西省,264,261,2
2020/12/12,湖北省,68149,63636,4512
2020/12/12,湖南省,1020,1016,4
2020/12/12,宁夏回族自治区,75,75,0
2020/12/12,甘肃省,182,180,2
2020/12/12,河北省,373,367,6
2020/12/12,澳门特别行政区,46,46,0
2020/12/12,天津市,302,295,3
2020/12/12,吉林省,157,155,2
2020/12/12,四川省,829,792,3
2020/12/12,重庆市,590,583,6
2020/12/12,西藏自治区,1,1,0
2020/12/12,黑龙江省,956,936,13
2020/12/12,青海省,18,18,0
2020/12/12,陕西省,502,481,3
2020/12/12,辽宁省,289,287,2
2020/12/12,香港特别行政区,7446,6114,115
2020/12/12,福建省,502,460,1
2020/12/12,上海市,1405,1309,7
2020/12/12,云南省,224,210,2
2020/12/12,内蒙古自治区,337,313,1
2020/12/12,北京市,954,940,9
2020/12/12,台湾,1,1,0
2020/12/12,贵州省,147,145,2
2020/12/13,台湾,1,1,0
2020/12/13,安徽省,992,986,6
2020/12/13,宁夏回族自治区,75,75,0
2020/12/13,山东省,858,841,7
2020/12/13,四川省,832,792,3
2020/12/13,吉林省,157,155,2
2020/12/13,北京市,955,940,9
2020/12/13,山西省,222,218,0
2020/12/13,云南省,224,210,2
2020/12/13,上海市,1412,1313,7
2020/12/13,天津市,302,295,3
2020/12/13,湖南省,1020,1016,4
2020/12/13,澳门特别行政区,46,46,0
2020/12/13,甘肃省,182,180,2
2020/12/13,内蒙古自治区,338,313,1
2020/12/13,广东省,2017,1973,8
2020/12/13,福建省,502,463,1
2020/12/13,新疆维吾尔族自治区,980,977,3
2020/12/13,青海省,18,18,0
2020/12/13,香港特别行政区,7541,6202,117
2020/12/13,西藏自治区,1,1,0
2020/12/13,陕西省,502,482,3
2020/12/13,黑龙江省,958,936,13
2020/12/13,重庆市,590,583,6
2020/12/13,辽宁省,289,287,2
2020/12/13,广西省,264,261,2
2020/12/13,湖北省,68149,63636,4512
2020/12/13,海南省,171,165,6
2020/12/13,浙江省,1297,1290,1
2020/12/13,河南省,1295,1266,22
2020/12/13,河北省,373,367,6
2020/12/13,江西省,935,934,1
2020/12/13,江苏省,684,675,0
2020/12/13,贵州省,147,145,2
2020/12/14,广东省,2018,1973,8
2020/12/14,新疆维吾尔族自治区,980,977,3
2020/12/14,福建省,502,469,1
2020/12/14,甘肃省,182,180,2
2020/12/14,澳门特别行政区,46,46,0
2020/12/14,湖南省,1020,1016,4
2020/12/14,广西省,264,261,2
2020/12/14,河北省,373,367,6
2020/12/14,湖北省,68149,63636,4512
2020/12/14,河南省,1295,1266,22
2020/12/14,山东省,858,841,7
2020/12/14,江西省,935,934,1
2020/12/14,江苏省,684,675,0
2020/12/14,浙江省,1297,1290,1
2020/12/14,海南省,171,165,6
2020/12/14,安徽省,992,986,6
2020/12/14,山西省,222,220,0
2020/12/14,天津市,302,295,3
2020/12/14,宁夏回族自治区,75,75,0
2020/12/14,香港特别行政区,7623,6266,120
2020/12/14,西藏自治区,1,1,0
2020/12/14,陕西省,502,482,3
2020/12/14,黑龙江省,960,936,13
2020/12/14,重庆市,590,583,6
2020/12/14,辽宁省,289,287,2
2020/12/14,贵州省,147,145,2
2020/12/14,青海省,18,18,0
2020/12/14,云南省,224,210,2
2020/12/14,内蒙古自治区,342,314,1
2020/12/14,北京市,956,940,9
2020/12/14,台湾,1,1,0
2020/12/14,吉林省,157,155,2
2020/12/14,四川省,838,794,3
2020/12/14,上海市,1415,1319,7
2020/12/15,山东省,859,841,7
2020/12/15,广西省,264,261,2
2020/12/15,北京市,957,940,9
2020/12/15,贵州省,147,145,2
2020/12/15,福建省,503,471,1
2020/12/15,甘肃省,182,180,2
2020/12/15,上海市,1418,1323,7
2020/12/15,云南省,226,211,2
2020/12/15,内蒙古自治区,342,315,1
2020/12/15,台湾,1,1,0
2020/12/15,吉林省,157,155,2
2020/12/15,四川省,838,794,3
2020/12/15,天津市,303,295,3
2020/12/15,广东省,2021,1973,8
2020/12/15,安徽省,992,986,6
2020/12/15,重庆市,590,583,6
2020/12/15,宁夏回族自治区,75,75,0
2020/12/15,江苏省,684,675,0
2020/12/15,青海省,18,18,0
2020/12/15,西藏自治区,1,1,0
2020/12/15,黑龙江省,960,936,13
2020/12/15,香港特别行政区,7721,6345,123
2020/12/15,陕西省,502,483,3
2020/12/15,山西省,222,220,0
2020/12/15,辽宁省,289,287,2
2020/12/15,新疆维吾尔族自治区,980,977,3
2020/12/15,湖南省,1020,1016,4
2020/12/15,湖北省,68149,63637,4512
2020/12/15,海南省,171,165,6
2020/12/15,浙江省,1297,1290,1
2020/12/15,河南省,1295,1266,22
2020/12/15,河北省,373,367,6
2020/12/15,江西省,935,934,1
2020/12/15,澳门特别行政区,46,46,0
2020/12/16,广东省,2022,1973,8
2020/12/16,广西省,264,261,2
2020/12/16,江苏省,684,675,0
2020/12/16,江西省,935,934,1
2020/12/16,河北省,373,367,6
2020/12/16,河南省,1295,1267,22
2020/12/16,新疆维吾尔族自治区,980,977,3
2020/12/16,海南省,171,165,6
2020/12/16,湖北省,68149,63637,4512
2020/12/16,山西省,222,220,0
2020/12/16,澳门特别行政区,46,46,0
2020/12/16,甘肃省,182,180,2
2020/12/16,福建省,503,473,1
2020/12/16,贵州省,147,145,2
2020/12/16,浙江省,1297,1290,1
2020/12/16,山东省,859,841,7
2020/12/16,湖南省,1020,1016,4
2020/12/16,宁夏回族自治区,75,75,0
2020/12/16,青海省,18,18,0
2020/12/16,西藏自治区,1,1,0
2020/12/16,黑龙江省,960,936,13
2020/12/16,香港特别行政区,7803,6439,123
2020/12/16,陕西省,502,483,3
2020/12/16,重庆市,590,584,6
2020/12/16,辽宁省,289,287,2
2020/12/16,安徽省,992,986,6
2020/12/16,云南省,226,211,2
2020/12/16,内蒙古自治区,342,322,1
2020/12/16,北京市,957,940,9
2020/12/16,台湾,1,1,0
2020/12/16,吉林省,157,155,2
2020/12/16,四川省,838,797,3
2020/12/16,天津市,303,296,3
2020/12/16,上海市,1424,1329,7
2020/12/17,广西省,264,261,2
2020/12/17,山西省,223,220,0
2020/12/17,广东省,2026,1973,8
2020/12/17,内蒙古自治区,342,322,1
2020/12/17,安徽省,992,986,6
2020/12/17,宁夏回族自治区,75,75,0
2020/12/17,天津市,303,296,3
2020/12/17,北京市,957,940,9
2020/12/17,吉林省,157,155,2
2020/12/17,台湾,1,1,0
2020/12/17,山东省,859,841,7
2020/12/17,云南省,227,211,2
2020/12/17,上海市,1428,1332,7
2020/12/17,贵州省,147,145,2
2020/12/17,新疆维吾尔族自治区,980,977,3
2020/12/17,四川省,839,797,3
2020/12/17,辽宁省,289,287,2
2020/12/17,江苏省,684,676,0
2020/12/17,河北省,373,367,6
2020/12/17,黑龙江省,960,936,13
2020/12/17,香港特别行政区,7899,6534,125
2020/12/17,西藏自治区,1,1,0
2020/12/17,青海省,18,18,0
2020/12/17,陕西省,502,485,3
2020/12/17,重庆市,590,584,6
2020/12/17,福建省,503,475,1
2020/12/17,江西省,935,934,1
2020/12/17,澳门特别行政区,46,46,0
2020/12/17,湖南省,1020,1016,4
2020/12/17,湖北省,68149,63637,4512
2020/12/17,海南省,171,165,6
2020/12/17,浙江省,1297,1290,1
2020/12/17,河南省,1296,1267,22
2020/12/17,甘肃省,182,180,2
2020/12/18,广西省,264,261,2
2020/12/18,湖南省,1020,1016,4
2020/12/18,江西省,935,934,1
2020/12/18,河北省,373,367,6
2020/12/18,河南省,1296,1268,22
2020/12/18,浙江省,1298,1290,1
2020/12/18,新疆维吾尔族自治区,980,977,3
2020/12/18,湖北省,68149,63637,4512
2020/12/18,广东省,2027,1977,8
2020/12/18,澳门特别行政区,46,46,0
2020/12/18,甘肃省,182,180,2
2020/12/18,福建省,504,477,1
2020/12/18,贵州省,147,145,2
2020/12/18,辽宁省,290,287,2
2020/12/18,海南省,171,165,6
2020/12/18,山东省,861,841,7
2020/12/18,江苏省,684,677,0
2020/12/18,山西省,223,220,0
2020/12/18,安徽省,992,986,6
2020/12/18,黑龙江省,960,936,13
2020/12/18,香港特别行政区,7969,6628,129
2020/12/18,西藏自治区,1,1,0
2020/12/18,青海省,18,18,0
2020/12/18,重庆市,590,584,6
2020/12/18,上海市,1436,1336,7
2020/12/18,陕西省,502,485,3
2020/12/18,内蒙古自治区,342,324,1
2020/12/18,北京市,959,940,9
2020/12/18,台湾,1,1,0
2020/12/18,吉林省,157,155,2
2020/12/18,四川省,839,798,3
2020/12/18,天津市,304,296,3
2020/12/18,宁夏回族自治区,75,75,0
2020/12/18,云南省,227,211,2
2020/12/19,河南省,1297,1269,22
2020/12/19,新疆维吾尔族自治区,980,977,3
2020/12/19,青海省,18,18,0
2020/12/19,澳门特别行政区,46,46,0
2020/12/19,江西省,935,934,1
2020/12/19,河北省,373,367,6
2020/12/19,浙江省,1299,1290,1
2020/12/19,广东省,2028,1979,8
2020/12/19,湖北省,68149,63637,4512
2020/12/19,湖南省,1020,1016,4
2020/12/19,江苏省,684,678,0
2020/12/19,甘肃省,182,180,2
2020/12/19,福建省,505,478,1
2020/12/19,贵州省,147,145,2
2020/12/19,辽宁省,291,287,2
2020/12/19,海南省,171,165,6
2020/12/19,重庆市,590,584,6
2020/12/19,山西省,223,220,0
2020/12/19,安徽省,992,986,6
2020/12/19,黑龙江省,960,936,13
2020/12/19,西藏自治区,1,1,0
2020/12/19,香港特别行政区,8078,6737,129
2020/12/19,广西省,264,261,2
2020/12/19,陕西省,504,485,3
2020/12/19,上海市,1447,1346,7
2020/12/19,云南省,227,211,2
2020/12/19,山东省,861,841,7
2020/12/19,北京市,961,940,9
2020/12/19,台湾,1,1,0
2020/12/19,吉林省,157,155,2
2020/12/19,四川省,840,800,3
2020/12/19,天津市,304,296,3
2020/12/19,宁夏回族自治区,75,75,0
2020/12/19,内蒙古自治区,344,326,1
2020/12/20,广西省,264,261,2
2020/12/20,新疆维吾尔族自治区,980,977,3
2020/12/20,江苏省,684,679,0
2020/12/20,江西省,935,934,1
2020/12/20,河北省,373,367,6
2020/12/20,河南省,1297,1269,22
2020/12/20,浙江省,1299,1290,1
2020/12/20,澳门特别行政区,46,46,0
2020/12/20,湖北省,68149,63637,4512
2020/12/20,湖南省,1020,1016,4
2020/12/20,甘肃省,182,180,2
2020/12/20,福建省,507,480,1
2020/12/20,贵州省,147,145,2
2020/12/20,广东省,2031,1982,8
2020/12/20,重庆市,590,584,6
2020/12/20,海南省,171,165,6
2020/12/20,辽宁省,292,287,2
2020/12/20,山西省,224,220,0
2020/12/20,安徽省,992,986,6
2020/12/20,山东省,861,841,7
2020/12/20,黑龙江省,961,936,13
2020/12/20,西藏自治区,1,1,0
2020/12/20,香港特别行政区,8152,6837,130
2020/12/20,陕西省,504,485,3
2020/12/20,上海市,1455,1351,7
2020/12/20,云南省,227,211,2
2020/12/20,青海省,18,18,0
2020/12/20,北京市,961,940,9
2020/12/20,台湾,1,1,0
2020/12/20,吉林省,157,155,2
2020/12/20,四川省,841,801,3
2020/12/20,天津市,304,296,3
2020/12/20,宁夏回族自治区,75,75,0
2020/12/20,内蒙古自治区,350,329,1
2020/12/21,湖北省,68149,63637,4512
2020/12/21,江苏省,684,679,0
2020/12/21,河北省,373,367,6
2020/12/21,河南省,1297,1270,22
2020/12/21,浙江省,1299,1290,1
2020/12/21,海南省,171,165,6
2020/12/21,湖南省,1020,1016,4
2020/12/21,香港特别行政区,8237,6910,131
2020/12/21,甘肃省,182,180,2
2020/12/21,福建省,507,482,1
2020/12/21,贵州省,147,145,2
2020/12/21,辽宁省,294,287,2
2020/12/21,重庆市,590,584,6
2020/12/21,陕西省,504,485,3
2020/12/21,澳门特别行政区,46,46,0
2020/12/21,广西省,264,261,2
2020/12/21,江西省,935,934,1
2020/12/21,山西省,224,220,0
2020/12/21,西藏自治区,1,1,0
2020/12/21,黑龙江省,961,936,13
2020/12/21,新疆维吾尔族自治区,980,977,3
2020/12/21,青海省,18,18,0
2020/12/21,上海市,1461,1352,7
2020/12/21,云南省,227,211,2
2020/12/21,内蒙古自治区,352,331,1
2020/12/21,广东省,2034,1982,8
2020/12/21,台湾,1,1,0
2020/12/21,吉林省,157,155,2
2020/12/21,四川省,843,801,3
2020/12/21,天津市,304,297,3
2020/12/21,宁夏回族自治区,75,75,0
2020/12/21,安徽省,992,986,6
2020/12/21,山东省,861,841,7
2020/12/21,北京市,961,940,9
2020/12/22,江苏省,684,679,0
2020/12/22,江西省,935,934,1
2020/12/22,河北省,373,367,6
2020/12/22,河南省,1297,1270,22
2020/12/22,浙江省,1300,1290,1
2020/12/22,海南省,171,165,6
2020/12/22,湖北省,68149,63637,4512
2020/12/22,福建省,507,484,1
2020/12/22,澳门特别行政区,46,46,0
2020/12/22,甘肃省,182,180,2
2020/12/22,贵州省,147,145,2
2020/12/22,辽宁省,295,287,2
2020/12/22,新疆维吾尔族自治区,980,977,3
2020/12/22,广西省,264,261,2
2020/12/22,湖南省,1020,1016,4
2020/12/22,香港特别行政区,8300,6995,132
2020/12/22,重庆市,590,584,6
2020/12/22,山西省,224,221,0
2020/12/22,西藏自治区,1,1,0
2020/12/22,黑龙江省,961,936,13
2020/12/22,陕西省,504,485,3
2020/12/22,青海省,18,18,0
2020/12/22,上海市,1473,1358,7
2020/12/22,云南省,227,211,2
2020/12/22,内蒙古自治区,352,331,1
2020/12/22,广东省,2035,1986,8
2020/12/22,台湾,1,1,0
2020/12/22,吉林省,157,155,2
2020/12/22,四川省,843,804,3
2020/12/22,天津市,304,297,3
2020/12/22,宁夏回族自治区,75,75,0
2020/12/22,安徽省,992,986,6
2020/12/22,山东省,861,841,7
2020/12/22,北京市,961,941,9
2020/12/23,江苏省,684,679,0
2020/12/23,北京市,961,941,9
2020/12/23,台湾,1,1,0
2020/12/23,吉林省,157,155,2
2020/12/23,四川省,845,806,3
2020/12/23,香港特别行政区,8353,7112,133
2020/12/23,江西省,935,934,1
2020/12/23,山西省,224,221,0
2020/12/23,安徽省,992,986,6
2020/12/23,山东省,861,841,7
2020/12/23,广东省,2036,1993,8
2020/12/23,广西省,264,261,2
2020/12/23,新疆维吾尔族自治区,980,977,3
2020/12/23,宁夏回族自治区,75,75,0
2020/12/23,河北省,373,367,6
2020/12/23,天津市,304,298,3
2020/12/23,内蒙古自治区,352,335,1
2020/12/23,青海省,18,18,0
2020/12/23,浙江省,1300,1290,1
2020/12/23,河南省,1298,1270,22
2020/12/23,西藏自治区,1,1,0
2020/12/23,上海市,1479,1362,7
2020/12/23,云南省,227,213,2
2020/12/23,重庆市,590,584,6
2020/12/23,辽宁省,302,287,2
2020/12/23,贵州省,147,145,2
2020/12/23,陕西省,504,487,3
2020/12/23,甘肃省,182,180,2
2020/12/23,澳门特别行政区,46,46,0
2020/12/23,黑龙江省,961,937,13
2020/12/23,湖南省,1020,1016,4
2020/12/23,湖北省,68149,63637,4512
2020/12/23,海南省,171,165,6
2020/12/23,福建省,507,485,1
2020/12/24,甘肃省,182,180,2
2020/12/24,浙江省,1300,1290,1
2020/12/24,海南省,171,165,6
2020/12/24,湖北省,68149,63637,4512
2020/12/24,湖南省,1020,1016,4
2020/12/24,澳门特别行政区,46,46,0
2020/12/24,福建省,507,486,1
2020/12/24,河南省,1298,1270,22
2020/12/24,辽宁省,310,287,2
2020/12/24,重庆市,590,584,6
2020/12/24,陕西省,504,487,3
2020/12/24,青海省,18,18,0
2020/12/24,香港特别行政区,8424,7203,135
2020/12/24,黑龙江省,961,937,13
2020/12/24,贵州省,147,145,2
2020/12/24,北京市,961,941,9
2020/12/24,云南省,227,213,2
2020/12/24,江西省,935,934,1
2020/12/24,西藏自治区,1,1,0
2020/12/24,上海市,1483,1367,7
2020/12/24,内蒙古自治区,352,336,1
2020/12/24,台湾,1,1,0
2020/12/24,吉林省,157,155,2
2020/12/24,四川省,846,807,3
2020/12/24,天津市,304,298,3
2020/12/24,河北省,373,367,6
2020/12/24,安徽省,992,986,6
2020/12/24,山东省,861,841,7
2020/12/24,山西省,224,221,0
2020/12/24,广东省,2037,1995,8
2020/12/24,广西省,264,261,2
2020/12/24,新疆维吾尔族自治区,980,977,3
2020/12/24,江苏省,684,679,0
2020/12/24,宁夏回族自治区,75,75,0
2020/12/25,香港特别行政区,8481,7317,136
2020/12/25,青海省,18,18,0
2020/12/25,重庆市,590,584,6
2020/12/25,辽宁省,316,287,2
2020/12/25,贵州省,147,145,2
2020/12/25,河北省,373,367,6
2020/12/25,湖北省,68149,63637,4512
2020/12/25,澳门特别行政区,46,46,0
2020/12/25,湖南省,1021,1016,4
2020/12/25,福建省,508,486,1
2020/12/25,海南省,171,165,6
2020/12/25,浙江省,1300,1290,1
2020/12/25,河南省,1298,1270,22
2020/12/25,甘肃省,182,180,2
2020/12/25,上海市,1488,1370,7
2020/12/25,江西省,935,934,1
2020/12/25,陕西省,505,487,3
2020/12/25,新疆维吾尔族自治区,980,977,3
2020/12/25,西藏自治区,1,1,0
2020/12/25,云南省,229,213,2
2020/12/25,黑龙江省,961,937,13
2020/12/25,内蒙古自治区,352,336,1
2020/12/25,北京市,963,941,9
2020/12/25,台湾,1,1,0
2020/12/25,吉林省,157,155,2
2020/12/25,江苏省,684,682,0
2020/12/25,天津市,304,298,3
2020/12/25,宁夏回族自治区,75,75,0
2020/12/25,安徽省,992,986,6
2020/12/25,山东省,861,842,7
2020/12/25,山西省,224,221,0
2020/12/25,广东省,2038,1997,8
2020/12/25,广西省,264,261,2
2020/12/25,四川省,847,809,3
2020/12/26,江苏省,684,682,0
2020/12/26,广西省,264,261,2
2020/12/26,广东省,2038,1999,8
2020/12/26,山西省,224,221,0
2020/12/26,山东省,861,844,7
2020/12/26,安徽省,993,986,6
2020/12/26,宁夏回族自治区,75,75,0
2020/12/26,台湾,1,1,0
2020/12/26,四川省,847,812,3
2020/12/26,吉林省,157,155,2
2020/12/26,北京市,971,941,9
2020/12/26,内蒙古自治区,352,336,1
2020/12/26,云南省,229,213,2
2020/12/26,上海市,1492,1377,7
2020/12/26,香港特别行政区,8540,7394,136
2020/12/26,天津市,304,298,3
2020/12/26,新疆维吾尔族自治区,980,977,3
2020/12/26,江西省,935,934,1
2020/12/26,浙江省,1302,1290,1
2020/12/26,西藏自治区,1,1,0
2020/12/26,河南省,1298,1270,22
2020/12/26,黑龙江省,961,939,13
2020/12/26,青海省,18,18,0
2020/12/26,陕西省,505,487,3
2020/12/26,重庆市,590,584,6
2020/12/26,辽宁省,323,287,2
2020/12/26,河北省,373,367,6
2020/12/26,福建省,508,486,1
2020/12/26,甘肃省,182,180,2
2020/12/26,澳门特别行政区,46,46,0
2020/12/26,湖南省,1021,1016,4
2020/12/26,湖北省,68149,63637,4512
2020/12/26,海南省,171,165,6
2020/12/26,贵州省,147,145,2
2020/12/27,河南省,1298,1270,22
2020/12/27,海南省,171,165,6
2020/12/27,湖北省,68149,63637,4512
2020/12/27,湖南省,1021,1016,4
2020/12/27,澳门特别行政区,46,46,0
2020/12/27,甘肃省,182,180,2
2020/12/27,福建省,508,486,1
2020/12/27,陕西省,505,487,3
2020/12/27,辽宁省,329,287,2
2020/12/27,重庆市,590,584,6
2020/12/27,青海省,18,18,0
2020/12/27,香港特别行政区,8610,7474,137
2020/12/27,黑龙江省,961,939,13
2020/12/27,上海市,1494,1384,7
2020/12/27,内蒙古自治区,358,336,1
2020/12/27,贵州省,147,145,2
2020/12/27,浙江省,1305,1290,1
2020/12/27,河北省,373,367,6
2020/12/27,江苏省,684,682,0
2020/12/27,江西省,935,934,1
2020/12/27,云南省,229,213,2
2020/12/27,北京市,972,941,9
2020/12/27,西藏自治区,1,1,0
2020/12/27,吉林省,157,155,2
2020/12/27,四川省,848,815,3
2020/12/27,天津市,305,299,3
2020/12/27,台湾,1,1,0
2020/12/27,安徽省,993,986,6
2020/12/27,山东省,861,844,7
2020/12/27,山西省,224,221,0
2020/12/27,广东省,2039,2003,8
2020/12/27,广西省,264,261,2
2020/12/27,新疆维吾尔族自治区,980,977,3
2020/12/27,宁夏回族自治区,75,75,0
2020/12/28,福建省,509,486,1
2020/12/28,海南省,171,165,6
2020/12/28,湖北省,68149,63637,4512
2020/12/28,湖南省,1021,1016,4
2020/12/28,澳门特别行政区,46,46,0
2020/12/28,甘肃省,182,180,2
2020/12/28,贵州省,147,145,2
2020/12/28,浙江省,1305,1290,1
2020/12/28,重庆市,590,584,6
2020/12/28,陕西省,505,487,3
2020/12/28,青海省,18,18,0
2020/12/28,内蒙古自治区,359,339,1
2020/12/28,云南省,229,213,2
2020/12/28,香港特别行政区,8671,7526,141
2020/12/28,辽宁省,337,287,2
2020/12/28,河南省,1299,1270,22
2020/12/28,上海市,1498,1389,7
2020/12/28,江西省,935,934,1
2020/12/28,西藏自治区,1,1,0
2020/12/28,北京市,979,941,9
2020/12/28,台湾,1,1,0
2020/12/28,黑龙江省,961,939,13
2020/12/28,吉林省,157,155,2
2020/12/28,四川省,851,817,3
2020/12/28,天津市,306,300,3
2020/12/28,河北省,373,367,6
2020/12/28,安徽省,993,986,6
2020/12/28,山东省,861,844,7
2020/12/28,山西省,224,221,0
2020/12/28,广东省,2040,2008,8
2020/12/28,广西省,264,261,2
2020/12/28,新疆维吾尔族自治区,980,977,3
2020/12/28,江苏省,684,682,0
2020/12/28,宁夏回族自治区,75,75,0
2020/12/29,黑龙江省,962,941,13
2020/12/29,青海省,18,18,0
2020/12/29,陕西省,505,489,3
2020/12/29,重庆市,590,584,6
2020/12/29,河南省,1299,1270,22
2020/12/29,辽宁省,342,287,2
2020/12/29,福建省,511,486,1
2020/12/29,湖北省,68149,63637,4512
2020/12/29,澳门特别行政区,46,46,0
2020/12/29,湖南省,1021,1016,4
2020/12/29,浙江省,1306,1293,1
2020/12/29,海南省,171,165,6
2020/12/29,贵州省,147,145,2
2020/12/29,吉林省,157,155,2
2020/12/29,甘肃省,182,180,2
2020/12/29,河北省,373,367,6
2020/12/29,香港特别行政区,8724,7616,143
2020/12/29,江西省,935,934,1
2020/12/29,安徽省,993,986,6
2020/12/29,江苏省,684,682,0
2020/12/29,新疆维吾尔族自治区,980,977,3
2020/12/29,广西省,264,261,2
2020/12/29,广东省,2041,2008,8
2020/12/29,山西省,224,221,0
2020/12/29,山东省,862,846,7
2020/12/29,西藏自治区,1,1,0
2020/12/29,台湾,1,1,0
2020/12/29,天津市,309,300,3
2020/12/29,四川省,851,817,3
2020/12/29,北京市,980,941,9
2020/12/29,内蒙古自治区,361,339,1
2020/12/29,云南省,229,214,2
2020/12/29,上海市,1505,1400,7
2020/12/29,宁夏回族自治区,75,75,0
2020/12/30,江西省,935,934,1
2020/12/30,河北省,373,367,6
2020/12/30,江苏省,684,682,0
2020/12/30,浙江省,1306,1293,1
2020/12/30,海南省,171,165,6
2020/12/30,湖北省,68149,63637,4512
2020/12/30,澳门特别行政区,46,46,0
2020/12/30,贵州省,147,145,2
2020/12/30,福建省,512,487,1
2020/12/30,辽宁省,347,287,2
2020/12/30,重庆市,590,584,6
2020/12/30,陕西省,506,489,3
2020/12/30,青海省,18,18,0
2020/12/30,新疆维吾尔族自治区,980,977,3
2020/12/30,甘肃省,182,180,2
2020/12/30,黑龙江省,964,942,13
2020/12/30,河南省,1299,1270,22
2020/12/30,广东省,2044,2008,8
2020/12/30,西藏自治区,1,1,0
2020/12/30,湖南省,1021,1016,4
2020/12/30,香港特别行政区,8778,7722,147
2020/12/30,上海市,1511,1405,7
2020/12/30,云南省,229,214,2
2020/12/30,内蒙古自治区,364,340,1
2020/12/30,北京市,982,943,9
2020/12/30,广西省,264,261,2
2020/12/30,吉林省,157,155,2
2020/12/30,四川省,853,817,3
2020/12/30,天津市,309,300,3
2020/12/30,宁夏回族自治区,75,75,0
2020/12/30,安徽省,993,986,6
2020/12/30,山东省,862,846,7
2020/12/30,山西省,224,221,0
2020/12/30,台湾,1,1,0
2020/12/31,新疆维吾尔族自治区,980,977,3
2020/12/31,上海市,1516,1412,7
2020/12/31,内蒙古自治区,364,340,1
2020/12/31,江苏省,684,682,0
2020/12/31,台湾,1,1,0
2020/12/31,吉林省,157,155,2
2020/12/31,山东省,862,847,7
2020/12/31,北京市,987,944,9
2020/12/31,安徽省,993,986,6
2020/12/31,海南省,171,165,6
2020/12/31,山西省,224,221,0
2020/12/31,广东省,2046,2010,8
2020/12/31,广西省,264,261,2
2020/12/31,宁夏回族自治区,75,75,0
2020/12/31,天津市,309,300,3
2020/12/31,江西省,935,934,1
2020/12/31,云南省,230,215,2
2020/12/31,河南省,1299,1270,22
2020/12/31,西藏自治区,1,1,0
2020/12/31,澳门特别行政区,46,46,0
2020/12/31,四川省,853,822,3
2020/12/31,黑龙江省,964,942,13
2020/12/31,香港特别行政区,8846,7813,148
2020/12/31,青海省,18,18,0
2020/12/31,陕西省,507,490,3
2020/12/31,河北省,373,367,6
2020/12/31,辽宁省,351,287,2
2020/12/31,贵州省,147,145,2
2020/12/31,福建省,513,488,1
2020/12/31,甘肃省,182,180,2
2020/12/31,湖南省,1021,1016,4
2020/12/31,湖北省,68149,63637,4512
2020/12/31,浙江省,1306,1293,1
2020/12/31,重庆市,590,584,6
2021/1/1,海南省,171,165,6
2021/1/1,浙江省,1306,1293,1
2021/1/1,河南省,1299,1270,22
2021/1/1,河北省,373,367,6
2021/1/1,江西省,935,934,1
2021/1/1,江苏省,684,682,0
2021/1/1,新疆维吾尔族自治区,980,977,3
2021/1/1,重庆市,590,584,6
2021/1/1,广东省,2046,2011,8
2021/1/1,山西省,224,221,0
2021/1/1,陕西省,508,490,3
2021/1/1,安徽省,993,986,6
2021/1/1,香港特别行政区,8888,7912,148
2021/1/1,黑龙江省,964,942,13
2021/1/1,湖北省,68149,63637,4512
2021/1/1,广西省,264,261,2
2021/1/1,山东省,863,847,7
2021/1/1,湖南省,1021,1016,4
2021/1/1,甘肃省,182,180,2
2021/1/1,西藏自治区,1,1,0
2021/1/1,上海市,1520,1420,7
2021/1/1,云南省,230,215,2
2021/1/1,内蒙古自治区,364,340,1
2021/1/1,北京市,988,944,9
2021/1/1,台湾,1,1,0
2021/1/1,吉林省,157,155,2
2021/1/1,澳门特别行政区,46,46,0
2021/1/1,天津市,312,300,3
2021/1/1,宁夏回族自治区,75,75,0
2021/1/1,青海省,18,18,0
2021/1/1,辽宁省,359,287,2
2021/1/1,贵州省,147,145,2
2021/1/1,福建省,513,488,1
2021/1/1,四川省,853,822,3
2021/1/2,辽宁省,362,287,2
2021/1/2,香港特别行政区,8923,7968,150
2021/1/2,陕西省,510,490,3
2021/1/2,重庆市,590,584,6
2021/1/2,贵州省,147,145,2
2021/1/2,福建省,516,488,1
2021/1/2,湖南省,1021,1016,4
2021/1/2,甘肃省,182,180,2
2021/1/2,江西省,935,934,1
2021/1/2,湖北省,68149,63637,4512
2021/1/2,海南省,171,165,6
2021/1/2,浙江省,1306,1293,1
2021/1/2,河南省,1299,1270,22
2021/1/2,澳门特别行政区,46,46,0
2021/1/2,黑龙江省,968,945,13
2021/1/2,四川省,853,824,3
2021/1/2,青海省,18,18,0
2021/1/2,河北省,374,367,6
2021/1/2,上海市,1526,1424,7
2021/1/2,西藏自治区,1,1,0
2021/1/2,新疆维吾尔族自治区,980,977,3
2021/1/2,广西省,264,261,2
2021/1/2,广东省,2051,2012,8
2021/1/2,山东省,863,848,7
2021/1/2,安徽省,993,986,6
2021/1/2,山西省,224,221,0
2021/1/2,天津市,313,300,3
2021/1/2,吉林省,157,155,2
2021/1/2,台湾,1,1,0
2021/1/2,北京市,990,944,9
2021/1/2,江苏省,684,682,0
2021/1/2,内蒙古自治区,365,341,1
2021/1/2,云南省,230,215,2
2021/1/2,宁夏回族自治区,75,75,0
2021/1/3,河北省,378,367,6
2021/1/3,湖南省,1021,1016,4
2021/1/3,湖北省,68149,63637,4512
2021/1/3,贵州省,147,145,2
2021/1/3,海南省,171,165,6
2021/1/3,河南省,1299,1270,22
2021/1/3,江西省,935,934,1
2021/1/3,澳门特别行政区,46,46,0
2021/1/3,新疆维吾尔族自治区,980,977,3
2021/1/3,广西省,264,261,2
2021/1/3,广东省,2053,2012,8
2021/1/3,山西省,225,221,0
2021/1/3,山东省,863,848,7
2021/1/3,安徽省,993,986,6
2021/1/3,浙江省,1306,1293,1
2021/1/3,江苏省,684,683,0
2021/1/3,青海省,18,18,0
2021/1/3,甘肃省,182,180,2
2021/1/3,黑龙江省,969,946,13
2021/1/3,北京市,992,944,9
2021/1/3,台湾,1,1,0
2021/1/3,内蒙古自治区,366,345,1
2021/1/3,辽宁省,369,290,2
2021/1/3,上海市,1530,1429,7
2021/1/3,吉林省,157,155,2
2021/1/3,西藏自治区,1,1,0
2021/1/3,福建省,517,489,1
2021/1/3,四川省,856,826,3
2021/1/3,天津市,314,300,3
2021/1/3,宁夏回族自治区,75,75,0
2021/1/3,重庆市,590,584,6
2021/1/3,陕西省,516,490,3
2021/1/3,香港特别行政区,8964,8011,150
2021/1/3,云南省,230,215,2
2021/1/4,河北省,392,367,6
2021/1/4,广西省,264,261,2
2021/1/4,上海市,1536,1429,7
2021/1/4,云南省,230,216,2
2021/1/4,内蒙古自治区,366,345,1
2021/1/4,北京市,993,944,9
2021/1/4,台湾,1,1,0
2021/1/4,宁夏回族自治区,75,75,0
2021/1/4,新疆维吾尔族自治区,980,977,3
2021/1/4,四川省,857,826,3
2021/1/4,安徽省,993,986,6
2021/1/4,山东省,863,848,7
2021/1/4,山西省,225,222,0
2021/1/4,江苏省,685,683,0
2021/1/4,天津市,315,300,3
2021/1/4,吉林省,157,155,2
2021/1/4,广东省,2057,2014,8
2021/1/4,江西省,935,934,1
2021/1/4,浙江省,1306,1293,1
2021/1/4,河南省,1300,1270,22
2021/1/4,西藏自治区,1,1,0
2021/1/4,辽宁省,372,292,2
2021/1/4,湖北省,68149,63637,4512
2021/1/4,香港特别行政区,9017,8055,153
2021/1/4,青海省,18,18,0
2021/1/4,陕西省,516,491,3
2021/1/4,黑龙江省,969,948,13
2021/1/4,贵州省,147,145,2
2021/1/4,福建省,518,490,1
2021/1/4,甘肃省,182,180,2
2021/1/4,澳门特别行政区,46,46,0
2021/1/4,湖南省,1021,1016,4
2021/1/4,海南省,171,165,6
2021/1/4,重庆市,590,584,6
2021/1/5,湖南省,1021,1016,4
2021/1/5,辽宁省,373,294,2
2021/1/5,贵州省,147,145,2
2021/1/5,甘肃省,182,180,2
2021/1/5,澳门特别行政区,46,46,0
2021/1/5,黑龙江省,970,949,13
2021/1/5,湖北省,68149,63637,4512
2021/1/5,重庆市,590,584,6
2021/1/5,河南省,1300,1271,22
2021/1/5,河北省,412,367,6
2021/1/5,江西省,935,934,1
2021/1/5,山东省,863,848,7
2021/1/5,新疆维吾尔族自治区,980,977,3
2021/1/5,广西省,264,261,2
2021/1/5,浙江省,1306,1293,1
2021/1/5,陕西省,519,491,3
2021/1/5,海南省,171,165,6
2021/1/5,香港特别行政区,9049,8127,153
2021/1/5,安徽省,993,986,6
2021/1/5,四川省,857,828,3
2021/1/5,宁夏回族自治区,75,75,0
2021/1/5,天津市,316,301,3
2021/1/5,吉林省,157,155,2
2021/1/5,广东省,2060,2015,8
2021/1/5,北京市,994,945,9
2021/1/5,青海省,18,18,0
2021/1/5,云南省,230,216,2
2021/1/5,上海市,1538,1437,7
2021/1/5,西藏自治区,1,1,0
2021/1/5,台湾,1,1,0
2021/1/5,山西省,225,222,0
2021/1/5,江苏省,685,684,0
2021/1/5,福建省,518,493,1
2021/1/5,内蒙古自治区,366,345,1
2021/1/6,四川省,857,828,3
2021/1/6,海南省,171,165,6
2021/1/6,河南省,1300,1271,22
2021/1/6,河北省,465,367,6
2021/1/6,江西省,935,934,1
2021/1/6,江苏省,685,684,0
2021/1/6,新疆维吾尔族自治区,980,977,3
2021/1/6,山东省,863,851,7
2021/1/6,广东省,2062,2018,8
2021/1/6,山西省,225,222,0
2021/1/6,安徽省,993,986,6
2021/1/6,宁夏回族自治区,75,75,0
2021/1/6,浙江省,1306,1293,1
2021/1/6,陕西省,521,493,3
2021/1/6,湖北省,68149,63637,4512
2021/1/6,广西省,264,261,2
2021/1/6,湖南省,1021,1016,4
2021/1/6,西藏自治区,1,1,0
2021/1/6,黑龙江省,970,949,13
2021/1/6,北京市,994,947,9
2021/1/6,内蒙古自治区,366,346,1
2021/1/6,福建省,518,494,1
2021/1/6,上海市,1543,1439,7
2021/1/6,云南省,230,216,2
2021/1/6,甘肃省,182,180,2
2021/1/6,吉林省,157,155,2
2021/1/6,台湾,1,1,0
2021/1/6,贵州省,147,145,2
2021/1/6,辽宁省,374,300,2
2021/1/6,重庆市,590,584,6
2021/1/6,澳门特别行政区,46,46,0
2021/1/6,青海省,18,18,0
2021/1/6,香港特别行政区,9074,8201,154
2021/1/6,天津市,316,301,3
2021/1/7,吉林省,157,155,2
2021/1/7,上海市,1551,1442,7
2021/1/7,云南省,230,218,2
2021/1/7,内蒙古自治区,366,346,1
2021/1/7,北京市,995,947,9
2021/1/7,台湾,1,1,0
2021/1/7,青海省,18,18,0
2021/1/7,广东省,2065,2020,8
2021/1/7,天津市,316,302,3
2021/1/7,宁夏回族自治区,75,75,0
2021/1/7,安徽省,993,986,6
2021/1/7,山东省,863,852,7
2021/1/7,山西省,225,222,0
2021/1/7,黑龙江省,971,949,13
2021/1/7,香港特别行政区,9107,8258,154
2021/1/7,四川省,857,829,3
2021/1/7,陕西省,521,494,3
2021/1/7,新疆维吾尔族自治区,980,977,3
2021/1/7,重庆市,590,584,6
2021/1/7,广西省,264,261,2
2021/1/7,湖南省,1022,1016,4
2021/1/7,江苏省,686,684,0
2021/1/7,江西省,935,934,1
2021/1/7,河北省,498,367,6
2021/1/7,河南省,1301,1273,22
2021/1/7,浙江省,1306,1296,1
2021/1/7,西藏自治区,1,1,0
2021/1/7,湖北省,68149,63637,4512
2021/1/7,澳门特别行政区,46,46,0
2021/1/7,甘肃省,182,180,2
2021/1/7,福建省,519,495,1
2021/1/7,贵州省,147,145,2
2021/1/7,辽宁省,377,304,2
2021/1/7,海南省,171,165,6
2021/1/8,河南省,1301,1273,22
2021/1/8,浙江省,1306,1296,1
2021/1/8,海南省,171,165,6
2021/1/8,湖北省,68149,63637,4512
2021/1/8,湖南省,1022,1017,4
2021/1/8,香港特别行政区,9152,8307,155
2021/1/8,甘肃省,182,180,2
2021/1/8,辽宁省,384,306,2
2021/1/8,贵州省,147,145,2
2021/1/8,重庆市,590,584,6
2021/1/8,陕西省,521,494,3
2021/1/8,青海省,18,18,0
2021/1/8,澳门特别行政区,46,46,0
2021/1/8,河北省,512,367,6
2021/1/8,福建省,520,495,1
2021/1/8,江西省,935,934,1
2021/1/8,黑龙江省,971,949,13
2021/1/8,新疆维吾尔族自治区,980,977,3
2021/1/8,广西省,264,261,2
2021/1/8,江苏省,687,684,0
2021/1/8,上海市,1558,1446,7
2021/1/8,云南省,230,219,2
2021/1/8,内蒙古自治区,366,348,1
2021/1/8,台湾,1,1,0
2021/1/8,吉林省,157,155,2
2021/1/8,北京市,995,948,9
2021/1/8,天津市,316,303,3
2021/1/8,宁夏回族自治区,75,75,0
2021/1/8,安徽省,993,986,6
2021/1/8,山东省,864,852,7
2021/1/8,山西省,225,223,0
2021/1/8,西藏自治区,1,1,0
2021/1/8,广东省,2067,2022,8
2021/1/8,四川省,857,830,3
2021/1/9,北京市,996,950,9
2021/1/9,内蒙古自治区,366,349,1
2021/1/9,云南省,230,219,2
2021/1/9,陕西省,522,497,3
2021/1/9,上海市,1562,1449,7
2021/1/9,山西省,226,223,0
2021/1/9,香港特别行政区,9211,8374,157
2021/1/9,澳门特别行政区,46,46,0
2021/1/9,黑龙江省,971,949,13
2021/1/9,甘肃省,182,180,2
2021/1/9,西藏自治区,1,1,0
2021/1/9,青海省,18,18,0
2021/1/9,重庆市,590,584,6
2021/1/9,贵州省,147,145,2
2021/1/9,辽宁省,387,312,2
2021/1/9,福建省,526,497,1
2021/1/9,台湾,1,1,0
2021/1/9,吉林省,157,155,2
2021/1/9,四川省,857,833,3
2021/1/9,新疆维吾尔族自治区,980,977,3
2021/1/9,江苏省,687,684,0
2021/1/9,江西省,935,934,1
2021/1/9,河北省,558,367,6
2021/1/9,浙江省,1308,1296,1
2021/1/9,广西省,264,261,2
2021/1/9,湖北省,68149,63637,4512
2021/1/9,海南省,171,165,6
2021/1/9,河南省,1301,1273,22
2021/1/9,广东省,2068,2022,8
2021/1/9,宁夏回族自治区,75,75,0
2021/1/9,山东省,864,852,7
2021/1/9,安徽省,993,986,6
2021/1/9,天津市,320,303,3
2021/1/9,湖南省,1022,1017,4
2021/1/10,江西省,935,934,1
2021/1/10,香港特别行政区,9242,8423,158
2021/1/10,青海省,18,18,0
2021/1/10,陕西省,523,498,3
2021/1/10,重庆市,590,584,6
2021/1/10,辽宁省,393,314,2
2021/1/10,贵州省,147,145,2
2021/1/10,河南省,1301,1273,22
2021/1/10,澳门特别行政区,46,46,0
2021/1/10,湖南省,1022,1017,4
2021/1/10,湖北省,68149,63637,4512
2021/1/10,海南省,171,165,6
2021/1/10,浙江省,1308,1296,1
2021/1/10,福建省,527,497,1
2021/1/10,黑龙江省,971,949,13
2021/1/10,甘肃省,182,180,2
2021/1/10,河北省,640,367,6
2021/1/10,江苏省,687,684,0
2021/1/10,天津市,322,303,3
2021/1/10,广东省,2075,2024,8
2021/1/10,山西省,226,224,0
2021/1/10,山东省,864,852,7
2021/1/10,安徽省,993,987,6
2021/1/10,宁夏回族自治区,75,75,0
2021/1/10,西藏自治区,1,1,0
2021/1/10,四川省,857,835,3
2021/1/10,广西省,264,261,2
2021/1/10,台湾,1,1,0
2021/1/10,北京市,997,951,9
2021/1/10,内蒙古自治区,366,349,1
2021/1/10,云南省,231,219,2
2021/1/10,上海市,1564,1457,7
2021/1/10,新疆维吾尔族自治区,980,977,3
2021/1/10,吉林省,157,155,2
2021/1/11,陕西省,524,499,3
2021/1/11,重庆市,590,584,6
2021/1/11,辽宁省,396,322,2
2021/1/11,贵州省,147,145,2
2021/1/11,福建省,528,498,1
2021/1/11,黑龙江省,972,949,13
2021/1/11,西藏自治区,1,1,0
2021/1/11,海南省,171,165,6
2021/1/11,湖北省,68149,63637,4512
2021/1/11,浙江省,1308,1296,1
2021/1/11,河南省,1302,1273,22
2021/1/11,河北省,680,367,6
2021/1/11,澳门特别行政区,46,46,0
2021/1/11,青海省,18,18,0
2021/1/11,湖南省,1022,1017,4
2021/1/11,江西省,935,934,1
2021/1/11,江苏省,687,684,0
2021/1/11,甘肃省,182,180,2
2021/1/11,香港特别行政区,9283,8468,159
2021/1/11,上海市,1568,1471,7
2021/1/11,云南省,231,219,2
2021/1/11,内蒙古自治区,366,350,1
2021/1/11,北京市,998,951,9
2021/1/11,台湾,1,1,0
2021/1/11,吉林省,157,155,2
2021/1/11,新疆维吾尔族自治区,980,977,3
2021/1/11,天津市,324,304,3
2021/1/11,宁夏回族自治区,75,75,0
2021/1/11,安徽省,993,987,6
2021/1/11,山东省,864,853,7
2021/1/11,山西省,226,224,0
2021/1/11,广东省,2076,2025,8
2021/1/11,广西省,264,261,2
2021/1/11,四川省,857,837,3
2021/1/12,广西省,264,261,2
2021/1/12,上海市,1573,1477,7
2021/1/12,云南省,231,219,2
2021/1/12,内蒙古自治区,366,350,1
2021/1/12,北京市,998,951,9
2021/1/12,新疆维吾尔族自治区,980,977,3
2021/1/12,吉林省,157,155,2
2021/1/12,安徽省,993,987,6
2021/1/12,台湾,1,1,0
2021/1/12,宁夏回族自治区,75,75,0
2021/1/12,山东省,864,853,7
2021/1/12,山西省,227,224,0
2021/1/12,广东省,2078,2028,8
2021/1/12,天津市,324,304,3
2021/1/12,浙江省,1308,1296,1
2021/1/12,四川省,857,840,3
2021/1/12,江西省,935,934,1
2021/1/12,澳门特别行政区,46,46,0
2021/1/12,河北省,770,367,6
2021/1/12,西藏自治区,1,1,0
2021/1/12,河南省,1302,1273,22
2021/1/12,甘肃省,182,180,2
2021/1/12,黑龙江省,988,950,13
2021/1/12,江苏省,687,684,0
2021/1/12,青海省,18,18,0
2021/1/12,陕西省,524,500,3
2021/1/12,香港特别行政区,9343,8524,160
2021/1/12,辽宁省,396,336,2
2021/1/12,贵州省,147,145,2
2021/1/12,福建省,529,499,1
2021/1/12,湖南省,1022,1017,4
2021/1/12,湖北省,68149,63637,4512
2021/1/12,海南省,171,165,6
2021/1/12,重庆市,590,584,6
2021/1/13,福建省,529,500,1
2021/1/13,西藏自治区,1,1,0
2021/1/13,湖北省,68149,63637,4512
2021/1/13,湖南省,1022,1017,4
2021/1/13,澳门特别行政区,46,46,0
2021/1/13,甘肃省,182,180,2
2021/1/13,安徽省,993,987,6
2021/1/13,河北省,851,379,7
2021/1/13,辽宁省,396,343,2
2021/1/13,重庆市,590,584,6
2021/1/13,陕西省,524,500,3
2021/1/13,青海省,18,18,0
2021/1/13,香港特别行政区,9385,8584,161
2021/1/13,黑龙江省,1031,950,13
2021/1/13,河南省,1303,1273,22
2021/1/13,贵州省,147,145,2
2021/1/13,浙江省,1308,1296,1
2021/1/13,海南省,171,165,6
2021/1/13,江西省,935,934,1
2021/1/13,四川省,857,844,3
2021/1/13,江苏省,687,684,0
2021/1/13,宁夏回族自治区,75,75,0
2021/1/13,新疆维吾尔族自治区,980,977,3
2021/1/13,广东省,2081,2030,8
2021/1/13,山西省,227,224,0
2021/1/13,山东省,864,854,7
2021/1/13,广西省,265,261,2
2021/1/13,吉林省,157,155,2
2021/1/13,台湾,1,1,0
2021/1/13,北京市,999,951,9
2021/1/13,内蒙古自治区,366,350,1
2021/1/13,云南省,231,223,2
2021/1/13,上海市,1581,1481,7
2021/1/13,天津市,324,305,3
2021/1/14,台湾,1,1,0
2021/1/14,河南省,1303,1273,22
2021/1/14,河北省,941,379,7
2021/1/14,江西省,935,934,1
2021/1/14,江苏省,688,684,0
2021/1/14,新疆维吾尔族自治区,980,977,3
2021/1/14,广西省,266,261,2
2021/1/14,山西省,227,224,0
2021/1/14,山东省,864,855,7
2021/1/14,安徽省,993,987,6
2021/1/14,宁夏回族自治区,75,75,0
2021/1/14,天津市,324,305,3
2021/1/14,四川省,858,845,3
2021/1/14,广东省,2084,2031,8
2021/1/14,浙江省,1309,1296,1
2021/1/14,湖南省,1022,1017,4
2021/1/14,吉林省,157,155,2
2021/1/14,北京市,999,955,9
2021/1/14,湖北省,68149,63637,4512
2021/1/14,西藏自治区,1,1,0
2021/1/14,黑龙江省,1074,951,13
2021/1/14,香港特别行政区,9414,8631,161
2021/1/14,青海省,18,18,0
2021/1/14,陕西省,526,500,3
2021/1/14,重庆市,590,584,6
2021/1/14,辽宁省,396,349,2
2021/1/14,海南省,171,165,6
2021/1/14,福建省,529,503,1
2021/1/14,甘肃省,182,180,2
2021/1/14,澳门特别行政区,46,46,0
2021/1/14,上海市,1583,1489,7
2021/1/14,云南省,231,224,2
2021/1/14,内蒙古自治区,366,350,1
2021/1/14,贵州省,147,145,2
2021/1/15,内蒙古自治区,366,350,1
2021/1/15,北京市,1001,957,9
2021/1/15,台湾,1,1,0
2021/1/15,吉林省,157,155,2
2021/1/15,四川省,860,846,3
2021/1/15,江苏省,688,684,0
2021/1/15,天津市,327,305,3
2021/1/15,山西省,227,224,0
2021/1/15,山东省,864,855,7
2021/1/15,广东省,2084,2032,8
2021/1/15,广西省,266,261,2
2021/1/15,宁夏回族自治区,75,75,0
2021/1/15,湖南省,1023,1017,4
2021/1/15,云南省,231,224,2
2021/1/15,安徽省,993,987,6
2021/1/15,新疆维吾尔族自治区,980,977,3
2021/1/15,江西省,935,934,1
2021/1/15,西藏自治区,1,1,0
2021/1/15,海南省,171,165,6
2021/1/15,辽宁省,396,358,2
2021/1/15,甘肃省,182,180,2
2021/1/15,福建省,529,505,1
2021/1/15,贵州省,147,145,2
2021/1/15,上海市,1590,1491,7
2021/1/15,重庆市,591,584,6
2021/1/15,澳门特别行政区,46,46,0
2021/1/15,青海省,18,18,0
2021/1/15,香港特别行政区,9452,8684,161
2021/1/15,黑龙江省,1097,952,13
2021/1/15,湖北省,68149,63637,4512
2021/1/15,浙江省,1309,1298,1
2021/1/15,河南省,1303,1273,22
2021/1/15,河北省,1031,379,7
2021/1/15,陕西省,527,501,3
2021/1/16,台湾,1,1,0
2021/1/16,北京市,1003,958,9
2021/1/16,内蒙古自治区,366,350,1
2021/1/16,上海市,1594,1499,7
2021/1/16,西藏自治区,1,1,0
2021/1/16,湖北省,68149,63637,4512
2021/1/16,甘肃省,182,180,2
2021/1/16,重庆市,591,584,6
2021/1/16,贵州省,147,145,2
2021/1/16,辽宁省,396,359,2
2021/1/16,陕西省,527,502,3
2021/1/16,青海省,18,18,0
2021/1/16,香港特别行政区,9502,8724,162
2021/1/16,黑龙江省,1109,952,13
2021/1/16,吉林省,167,155,2
2021/1/16,福建省,531,508,1
2021/1/16,天津市,328,306,3
2021/1/16,广东省,2086,2034,8
2021/1/16,宁夏回族自治区,75,75,0
2021/1/16,湖南省,1024,1017,4
2021/1/16,澳门特别行政区,46,46,0
2021/1/16,云南省,231,224,2
2021/1/16,海南省,171,165,6
2021/1/16,四川省,862,847,3
2021/1/16,河南省,1303,1273,22
2021/1/16,河北省,1103,379,7
2021/1/16,浙江省,1309,1298,1
2021/1/16,江苏省,688,684,0
2021/1/16,新疆维吾尔族自治区,980,977,3
2021/1/16,广西省,266,261,2
2021/1/16,山西省,227,224,0
2021/1/16,山东省,865,855,7
2021/1/16,安徽省,993,987,6
2021/1/16,江西省,935,934,1
2021/1/17,新疆维吾尔族自治区,980,977,3
2021/1/17,云南省,231,224,2
2021/1/17,内蒙古自治区,366,350,1
2021/1/17,北京市,1006,959,9
2021/1/17,台湾,1,1,0
2021/1/17,吉林省,197,155,2
2021/1/17,甘肃省,182,180,2
2021/1/17,上海市,1598,1505,7
2021/1/17,宁夏回族自治区,75,75,0
2021/1/17,安徽省,993,987,6
2021/1/17,西藏自治区,1,1,0
2021/1/17,福建省,532,509,1
2021/1/17,山西省,227,224,0
2021/1/17,广东省,2087,2035,8
2021/1/17,天津市,329,306,3
2021/1/17,四川省,863,847,3
2021/1/17,广西省,266,262,2
2021/1/17,香港特别行政区,9557,8758,162
2021/1/17,江苏省,688,684,0
2021/1/17,重庆市,591,584,6
2021/1/17,河北省,1157,379,7
2021/1/17,河南省,1303,1273,22
2021/1/17,浙江省,1311,1298,1
2021/1/17,海南省,171,165,6
2021/1/17,湖北省,68149,63637,4512
2021/1/17,湖南省,1026,1017,4
2021/1/17,山东省,865,856,7
2021/1/17,青海省,18,18,0
2021/1/17,陕西省,530,502,3
2021/1/17,江西省,935,934,1
2021/1/17,辽宁省,396,360,2
2021/1/17,贵州省,147,145,2
2021/1/17,黑龙江省,1116,953,13
2021/1/17,澳门特别行政区,46,46,0
2021/1/18,内蒙古自治区,366,350,1
2021/1/18,北京市,1007,960,9
2021/1/18,台湾,1,1,0
2021/1/18,吉林省,240,155,2
2021/1/18,四川省,863,852,3
2021/1/18,香港特别行政区,9664,8786,163
2021/1/18,天津市,329,306,3
2021/1/18,山西省,228,224,0
2021/1/18,山东省,865,856,7
2021/1/18,广东省,2090,2039,8
2021/1/18,西藏自治区,1,1,0
2021/1/18,宁夏回族自治区,75,75,0
2021/1/18,甘肃省,182,180,2
2021/1/18,云南省,231,225,2
2021/1/18,安徽省,993,987,6
2021/1/18,黑龙江省,1143,953,13
2021/1/18,青海省,18,18,0
2021/1/18,新疆维吾尔族自治区,980,977,3
2021/1/18,广西省,266,262,2
2021/1/18,上海市,1602,1509,7
2021/1/18,江苏省,688,684,0
2021/1/18,江西省,935,934,1
2021/1/18,河北省,1192,383,7
2021/1/18,浙江省,1314,1298,1
2021/1/18,海南省,171,165,6
2021/1/18,河南省,1303,1275,22
2021/1/18,湖南省,1026,1017,4
2021/1/18,澳门特别行政区,46,46,0
2021/1/18,福建省,532,513,1
2021/1/18,贵州省,147,145,2
2021/1/18,辽宁省,396,365,2
2021/1/18,重庆市,591,584,6
2021/1/18,陕西省,531,502,3
2021/1/18,湖北省,68149,63637,4512
2021/1/19,天津市,330,307,3
2021/1/19,广东省,2093,2044,8
2021/1/19,山西省,228,224,0
2021/1/19,山东省,865,856,7
2021/1/19,安徽省,993,987,6
2021/1/19,宁夏回族自治区,75,75,0
2021/1/19,香港特别行政区,9720,8828,165
2021/1/19,广西省,266,262,2
2021/1/19,吉林省,286,155,2
2021/1/19,台湾,1,1,0
2021/1/19,北京市,1014,962,9
2021/1/19,内蒙古自治区,366,351,1
2021/1/19,云南省,231,225,2
2021/1/19,上海市,1606,1512,7
2021/1/19,青海省,18,18,0
2021/1/19,四川省,865,852,3
2021/1/19,新疆维吾尔族自治区,980,977,3
2021/1/19,澳门特别行政区,46,46,0
2021/1/19,江西省,935,934,1
2021/1/19,西藏自治区,1,1,0
2021/1/19,甘肃省,182,180,2
2021/1/19,黑龙江省,1159,954,13
2021/1/19,陕西省,533,503,3
2021/1/19,江苏省,688,684,0
2021/1/19,辽宁省,396,366,2
2021/1/19,贵州省,147,145,2
2021/1/19,重庆市,591,584,6
2021/1/19,湖南省,1026,1017,4
2021/1/19,湖北省,68149,63637,4512
2021/1/19,海南省,171,165,6
2021/1/19,浙江省,1316,1298,1
2021/1/19,河南省,1303,1276,22
2021/1/19,河北省,1211,384,7
2021/1/19,福建省,533,513,1
2021/1/20,新疆维吾尔族自治区,980,977,3
2021/1/20,广西省,267,262,2
2021/1/20,广东省,2094,2047,8
2021/1/20,山西省,230,224,0
2021/1/20,山东省,866,856,7
2021/1/20,安徽省,993,987,6
2021/1/20,云南省,231,225,2
2021/1/20,天津市,335,308,3
2021/1/20,四川省,865,852,3
2021/1/20,吉林省,319,155,2
2021/1/20,台湾,1,1,0
2021/1/20,北京市,1017,964,9
2021/1/20,内蒙古自治区,366,351,1
2021/1/20,江西省,935,934,1
2021/1/20,宁夏回族自治区,75,75,0
2021/1/20,贵州省,147,145,2
2021/1/20,甘肃省,182,180,2
2021/1/20,河南省,1303,1276,22
2021/1/20,江苏省,688,684,0
2021/1/20,辽宁省,396,369,2
2021/1/20,上海市,1615,1513,7
2021/1/20,重庆市,591,584,6
2021/1/20,陕西省,533,504,3
2021/1/20,青海省,18,18,0
2021/1/20,河北省,1231,395,7
2021/1/20,香港特别行政区,9797,8865,166
2021/1/20,福建省,533,513,1
2021/1/20,澳门特别行政区,46,46,0
2021/1/20,湖南省,1026,1017,4
2021/1/20,湖北省,68150,63637,4512
2021/1/20,海南省,171,165,6
2021/1/20,浙江省,1316,1298,1
2021/1/20,黑龙江省,1227,955,13
2021/1/20,西藏自治区,1,1,0
