filename,label
000000_hefei_3389.jpg,000000
000003_hefei_4283.jpg,000003
000004_hefei_3637.jpg,000004
000290_hefei_3930.jpg,000290
000827_hefei_3213.jpg,000827
001206_hefei_3430.jpg,001206
001633_hefei_4214.jpg,001633
001786_hefei_3784.jpg,001786
002084_hefei_3226.jpg,002084
002472_hefei_3368.jpg,002472
002723_hefei_3196.jpg,002723
005926_hefei_4009.jpg,005926
006084_hefei_3633.jpg,006084
006808_hefei_3549.jpg,006808
007019_hefei_3737.jpg,007019
007039_hefei_3572.jpg,007039
007313_hefei_3531.jpg,007313
007824_hefei_3438.jpg,007824
008085_hefei_3577.jpg,008085
008785_hefei_3747.jpg,008785
008931_hefei_3684.jpg,008931
009165_hefei_3960.jpg,009165
009279_hefei_3613.jpg,009279
009350_hefei_3945.jpg,009350
009392_hefei_3664.jpg,009392
009615_hefei_3573.jpg,009615
009749_hefei_3273.jpg,009749
010117_hefei_4095.jpg,010117
010570_hefei_3261.jpg,010570
010928_hefei_3439.jpg,010928
011703_hefei_3377.jpg,011703
012476_hefei_4190.jpg,012476
012745_hefei_4354.jpg,012745
013085_hefei_4189.jpg,013085
014149_hefei_3925.jpg,014149
014347_hefei_4187.jpg,014347
014766_hefei_4464.jpg,014766
014916_hefei_4083.jpg,014916
015208_hefei_4375.jpg,015208
015308_hefei_4360.jpg,015308
016209_hefei_4012.jpg,016209
016216_hefei_4435.jpg,016216
016410_hefei_4378.jpg,016410
016479_hefei_3673.jpg,016479
016666_hefei_3647.jpg,016666
016845_hefei_4419.jpg,016845
016978_hefei_4242.jpg,016978
017047_hefei_4413.jpg,017047
017153_hefei_4197.jpg,017153
017302_hefei_4028.jpg,017302
017586_hefei_4125.jpg,017586
017602_hefei_4143.jpg,017602
018000_hefei_4258.jpg,018000
018134_hefei_3608.jpg,018134
018178_hefei_3828.jpg,018178
018325_hefei_4195.jpg,018325
018402_hefei_3293.jpg,018402
018582_hefei_4270.jpg,018582
019125_hefei_4455.jpg,019125
019230_hefei_3203.jpg,019230
019710_hefei_4115.jpg,019710
019736_hefei_3846.jpg,019736
019763_hefei_3472.jpg,019763
020014_hefei_3700.jpg,020014
020308_hefei_3748.jpg,020308
020403_hefei_3388.jpg,020403
020411_hefei_3241.jpg,020411
020588_hefei_3467.jpg,020588
020626_hefei_3833.jpg,020626
020636_hefei_3471.jpg,020636
020832_hefei_3503.jpg,020832
020851_hefei_4251.jpg,020851
020856_hefei_3415.jpg,020856
021134_hefei_3555.jpg,021134
021156_hefei_3428.jpg,021156
021163_hefei_3600.jpg,021163
021253_hefei_3410.jpg,021253
021278_hefei_3644.jpg,021278
021399_hefei_3865.jpg,021399
021442_hefei_4181.jpg,021442
021468_hefei_3492.jpg,021468
021608_hefei_3596.jpg,021608
021682_hefei_3890.jpg,021682
021702_hefei_4452.jpg,021702
021795_hefei_4473.jpg,021795
021816_hefei_4061.jpg,021816
022001_hefei_3463.jpg,022001
022042_hefei_4484.jpg,022042
022325_hefei_3989.jpg,022325
022467_hefei_4223.jpg,022467
022572_hefei_3399.jpg,022572
022627_hefei_3191.jpg,022627
022792_hefei_3643.jpg,022792
022883_hefei_3998.jpg,022883
022894_hefei_3462.jpg,022894
022909_hefei_4362.jpg,022909
023009_hefei_3838.jpg,023009
023075_hefei_3521.jpg,023075
023124_hefei_3656.jpg,023124
023339_hefei_3256.jpg,023339
023356_hefei_3789.jpg,023356
023508_hefei_3309.jpg,023508
023599_hefei_4133.jpg,023599
023682_hefei_4146.jpg,023682
023708_hefei_4222.jpg,023708
023788_hefei_3324.jpg,023788
023811_hefei_4395.jpg,023811
023818_hefei_3894.jpg,023818
023846_hefei_3364.jpg,023846
023888_hefei_4211.jpg,023888
023954_hefei_3442.jpg,023954
024071_hefei_4496.jpg,024071
024072_hefei_4372.jpg,024072
024200_hefei_3973.jpg,024200
024253_hefei_4403.jpg,024253
024326_hefei_3411.jpg,024326
024355_hefei_3508.jpg,024355
024382_hefei_4065.jpg,024382
024728_hefei_3568.jpg,024728
024876_hefei_3801.jpg,024876
024936_hefei_3444.jpg,024936
025085_hefei_4175.jpg,025085
025135_hefei_3741.jpg,025135
025163_hefei_4427.jpg,025163
025516_hefei_4400.jpg,025516
025557_hefei_4113.jpg,025557
025652_hefei_4101.jpg,025652
025660_hefei_3194.jpg,025660
025696_hefei_4021.jpg,025696
025708_hefei_4287.jpg,025708
025708_hefei_4306.jpg,025708
025830_hefei_3913.jpg,025830
025927_hefei_3667.jpg,025927
025985_hefei_3657.jpg,025985
026067_hefei_3455.jpg,026067
026092_hefei_4165.jpg,026092
026107_hefei_3897.jpg,026107
026185_hefei_4274.jpg,026185
026267_hefei_3588.jpg,026267
026278_hefei_4314.jpg,026278
026405_hefei_3529.jpg,026405
026462_hefei_4399.jpg,026462
026532_hefei_3378.jpg,026532
026750_hefei_4193.jpg,026750
026817_hefei_4497.jpg,026817
027026_hefei_3941.jpg,027026
027219_hefei_3381.jpg,027219
027261_hefei_3344.jpg,027261
027821_hefei_3246.jpg,027821
028071_hefei_4332.jpg,028071
028203_hefei_3876.jpg,028203
028212_hefei_4489.jpg,028212
028278_hefei_3349.jpg,028278
028462_hefei_4310.jpg,028462
028524_hefei_4477.jpg,028524
028581_hefei_3699.jpg,028581
028597_hefei_4026.jpg,028597
028633_hefei_3314.jpg,028633
028666_hefei_3882.jpg,028666
028744_hefei_3488.jpg,028744
028824_hefei_4090.jpg,028824
029099_hefei_3817.jpg,029099
029215_hefei_3556.jpg,029215
029394_hefei_4121.jpg,029394
029455_hefei_4485.jpg,029455
029576_hefei_3593.jpg,029576
029613_hefei_4516.jpg,029613
029617_hefei_4391.jpg,029617
029795_hefei_4217.jpg,029795
029932_hefei_4483.jpg,029932
029937_hefei_3544.jpg,029937
030217_hefei_4024.jpg,030217
030322_hefei_3652.jpg,030322
030554_hefei_3491.jpg,030554
030618_hefei_4374.jpg,030618
030626_hefei_3709.jpg,030626
030688_hefei_4020.jpg,030688
030739_hefei_3229.jpg,030739
030745_hefei_4347.jpg,030745
030780_hefei_4225.jpg,030780
030869_hefei_4504.jpg,030869
031068_hefei_4284.jpg,031068
031108_hefei_4468.jpg,031108
031438_hefei_3304.jpg,031438
031496_hefei_3249.jpg,031496
031551_hefei_4441.jpg,031551
031565_hefei_3321.jpg,031565
031580_hefei_4066.jpg,031580
031583_hefei_3233.jpg,031583
031618_hefei_4002.jpg,031618
031652_hefei_3617.jpg,031652
031841_hefei_3386.jpg,031841
031849_hefei_3216.jpg,031849
031977_hefei_4359.jpg,031977
032030_hefei_4355.jpg,032030
032044_hefei_3872.jpg,032044
032089_hefei_4171.jpg,032089
032122_hefei_3484.jpg,032122
032154_hefei_3811.jpg,032154
032190_hefei_3280.jpg,032190
032292_hefei_3680.jpg,032292
032307_hefei_4515.jpg,032307
032340_hefei_4117.jpg,032340
032343_hefei_4384.jpg,032343
032353_hefei_4304.jpg,032353
032357_hefei_3478.jpg,032357
032364_hefei_3483.jpg,032364
032431_hefei_3888.jpg,032431
032522_hefei_3345.jpg,032522
032560_hefei_3435.jpg,032560
032658_hefei_3601.jpg,032658
032772_hefei_4351.jpg,032772
032817_hefei_3982.jpg,032817
032824_hefei_4398.jpg,032824
032921_hefei_4051.jpg,032921
033028_hefei_4118.jpg,033028
033106_hefei_3938.jpg,033106
033110_hefei_3527.jpg,033110
033272_hefei_3370.jpg,033272
033300_hefei_4110.jpg,033300
033341_hefei_3721.jpg,033341
033355_hefei_4057.jpg,033355
033374_hefei_3607.jpg,033374
033424_hefei_3660.jpg,033424
033426_hefei_4344.jpg,033426
033485_hefei_4501.jpg,033485
033582_hefei_3545.jpg,033582
033649_hefei_4451.jpg,033649
033779_hefei_3761.jpg,033779
033960_hefei_3928.jpg,033960
033984_hefei_4465.jpg,033984
034022_hefei_4495.jpg,034022
034104_hefei_3245.jpg,034104
034106_hefei_3466.jpg,034106
034121_hefei_4203.jpg,034121
034216_hefei_3954.jpg,034216
034218_hefei_4045.jpg,034218
034363_hefei_3692.jpg,034363
034523_hefei_3557.jpg,034523
034599_hefei_3448.jpg,034599
034616_hefei_4342.jpg,034616
034674_hefei_3212.jpg,034674
034693_hefei_4201.jpg,034693
034715_hefei_3451.jpg,034715
034931_hefei_3663.jpg,034931
034976_hefei_3252.jpg,034976
035022_hefei_4291.jpg,035022
035526_hefei_3787.jpg,035526
035545_hefei_4475.jpg,035545
035672_hefei_3641.jpg,035672
035705_hefei_4221.jpg,035705
035714_hefei_3564.jpg,035714
035732_hefei_3986.jpg,035732
035753_hefei_3326.jpg,035753
035783_hefei_3537.jpg,035783
035820_hefei_3350.jpg,035820
035861_hefei_3679.jpg,035861
036097_hefei_3771.jpg,036097
036319_hefei_3269.jpg,036319
036468_hefei_3635.jpg,036468
036473_hefei_4472.jpg,036473
036577_hefei_4050.jpg,036577
036731_hefei_3222.jpg,036731
036840_hefei_4459.jpg,036840
037000_hefei_4315.jpg,037000
037022_hefei_3965.jpg,037022
037052_hefei_4186.jpg,037052
037398_hefei_4279.jpg,037398
037483_hefei_4173.jpg,037483
037952_hefei_3296.jpg,037952
037969_hefei_3372.jpg,037969
038280_hefei_3499.jpg,038280
038770_hefei_3795.jpg,038770
038886_hefei_3772.jpg,038886
038956_hefei_4491.jpg,038956
038988_hefei_4505.jpg,038988
039025_hefei_3236.jpg,039025
039323_hefei_3968.jpg,039323
039457_hefei_3475.jpg,039457
039500_hefei_3365.jpg,039500
039537_hefei_4311.jpg,039537
039643_hefei_3520.jpg,039643
039645_hefei_3889.jpg,039645
039709_hefei_3474.jpg,039709
040111_hefei_4432.jpg,040111
040444_hefei_4528.jpg,040444
040568_hefei_4089.jpg,040568
040571_hefei_4219.jpg,040571
040853_hefei_3715.jpg,040853
040861_hefei_4185.jpg,040861
041078_hefei_3759.jpg,041078
041167_hefei_4318.jpg,041167
041299_hefei_3517.jpg,041299
041353_hefei_3221.jpg,041353
042082_hefei_3337.jpg,042082
042116_hefei_4312.jpg,042116
042150_hefei_4226.jpg,042150
042191_hefei_4524.jpg,042191
043076_hefei_3282.jpg,043076
043140_hefei_4154.jpg,043140
043175_hefei_4256.jpg,043175
043237_hefei_4492.jpg,043237
043638_hefei_4069.jpg,043638
043936_hefei_4161.jpg,043936
044199_hefei_3585.jpg,044199
044258_hefei_4005.jpg,044258
044484_hefei_3248.jpg,044484
044603_hefei_3958.jpg,044603
044683_hefei_4299.jpg,044683
044803_hefei_3697.jpg,044803
045192_hefei_4286.jpg,045192
045372_hefei_3541.jpg,045372
045677_hefei_3768.jpg,045677
045952_hefei_4404.jpg,045952
046498_hefei_4368.jpg,046498
046666_hefei_4131.jpg,046666
048200_hefei_3240.jpg,048200
048466_hefei_3672.jpg,048466
048499_hefei_3292.jpg,048499
048582_hefei_3836.jpg,048582
049098_hefei_3393.jpg,049098
049738_hefei_3595.jpg,049738
049952_hefei_3479.jpg,049952
050302_hefei_3232.jpg,050302
050434_hefei_3725.jpg,050434
050732_hefei_3290.jpg,050732
050785_hefei_3701.jpg,050785
050917_hefei_3511.jpg,050917
050953_hefei_3342.jpg,050953
051095_hefei_4139.jpg,051095
051273_hefei_4151.jpg,051273
051353_hefei_4343.jpg,051353
051380_hefei_3366.jpg,051380
051582_hefei_4082.jpg,051582
051724_hefei_4493.jpg,051724
051729_hefei_3957.jpg,051729
052763_hefei_3352.jpg,052763
052896_hefei_4103.jpg,052896
053008_hefei_3671.jpg,053008
053422_hefei_3505.jpg,053422
053472_hefei_3788.jpg,053472
053678_hefei_4529.jpg,053678
054473_hefei_4129.jpg,054473
054575_hefei_4396.jpg,054575
054746_hefei_3548.jpg,054746
055226_hefei_4141.jpg,055226
055411_hefei_4093.jpg,055411
055467_hefei_3209.jpg,055467
055529_hefei_4288.jpg,055529
055985_hefei_3208.jpg,055985
056221_hefei_4346.jpg,056221
057020_hefei_3192.jpg,057020
057198_hefei_3831.jpg,057198
057215_hefei_3605.jpg,057215
057391_hefei_4167.jpg,057391
057489_hefei_3460.jpg,057489
057601_hefei_3944.jpg,057601
057825_hefei_3974.jpg,057825
057844_hefei_3458.jpg,057844
057902_hefei_3390.jpg,057902
058029_hefei_3547.jpg,058029
058117_hefei_4162.jpg,058117
058128_hefei_4437.jpg,058128
058271_hefei_3665.jpg,058271
058465_hefei_4077.jpg,058465
058691_hefei_4037.jpg,058691
058822_hefei_3773.jpg,058822
058832_hefei_3972.jpg,058832
058875_hefei_4209.jpg,058875
058922_hefei_4234.jpg,058922
058926_hefei_4416.jpg,058926
059127_hefei_3380.jpg,059127
059185_hefei_3330.jpg,059185
059431_hefei_3816.jpg,059431
059431_hefei_4202.jpg,059431
059548_hefei_4198.jpg,059548
059599_hefei_3272.jpg,059599
059620_hefei_3937.jpg,059620
059651_hefei_4149.jpg,059651
059675_hefei_3908.jpg,059675
059810_hefei_4155.jpg,059810
059815_hefei_3200.jpg,059815
059881_hefei_4420.jpg,059881
059962_hefei_3329.jpg,059962
059995_hefei_3427.jpg,059995
059996_hefei_4127.jpg,059996
060026_hefei_4210.jpg,060026
060037_hefei_4014.jpg,060037
060108_hefei_4004.jpg,060108
060131_hefei_3516.jpg,060131
060153_hefei_3948.jpg,060153
060158_hefei_4058.jpg,060158
060217_hefei_4097.jpg,060217
060229_hefei_4447.jpg,060229
060260_hefei_3728.jpg,060260
060423_hefei_3921.jpg,060423
060430_hefei_3769.jpg,060430
060434_hefei_4227.jpg,060434
060481_hefei_3685.jpg,060481
060487_hefei_3783.jpg,060487
060526_hefei_4245.jpg,060526
060537_hefei_3688.jpg,060537
060583_hefei_4099.jpg,060583
060650_hefei_3403.jpg,060650
060651_hefei_3434.jpg,060651
060714_hefei_4170.jpg,060714
060758_hefei_3265.jpg,060758
060931_hefei_3776.jpg,060931
060931_hefei_4000.jpg,060931
060956_hefei_3878.jpg,060956
061019_hefei_3881.jpg,061019
061042_hefei_3447.jpg,061042
061073_hefei_3414.jpg,061073
061091_hefei_4479.jpg,061091
061148_hefei_3567.jpg,061148
061196_hefei_3988.jpg,061196
061333_hefei_3278.jpg,061333
061380_hefei_3735.jpg,061380
061451_hefei_3536.jpg,061451
061482_hefei_4340.jpg,061482
061543_hefei_3681.jpg,061543
061651_hefei_3348.jpg,061651
061672_hefei_3653.jpg,061672
061682_hefei_4073.jpg,061682
061917_hefei_4071.jpg,061917
061956_hefei_3552.jpg,061956
062071_hefei_3752.jpg,062071
062183_hefei_4294.jpg,062183
062265_hefei_3813.jpg,062265
062301_hefei_3668.jpg,062301
062731_hefei_3619.jpg,062731
062856_hefei_4328.jpg,062856
062873_hefei_3581.jpg,062873
063120_hefei_3509.jpg,063120
063205_hefei_3274.jpg,063205
063259_hefei_3217.jpg,063259
063281_hefei_3946.jpg,063281
063452_hefei_4032.jpg,063452
063513_hefei_3362.jpg,063513
063569_hefei_4094.jpg,063569
063791_hefei_3325.jpg,063791
063803_hefei_3724.jpg,063803
063808_hefei_4380.jpg,063808
063963_hefei_3242.jpg,063963
064021_hefei_3210.jpg,064021
064058_hefei_3369.jpg,064058
064283_hefei_4330.jpg,064283
064298_hefei_3631.jpg,064298
064298_hefei_4433.jpg,064298
064359_hefei_3892.jpg,064359
064416_hefei_3591.jpg,064416
064433_hefei_4267.jpg,064433
064557_hefei_3764.jpg,064557
064804_hefei_4010.jpg,064804
064842_hefei_3949.jpg,064842
064920_hefei_4282.jpg,064920
065369_hefei_3821.jpg,065369
065505_hefei_3751.jpg,065505
065878_hefei_3456.jpg,065878
065926_hefei_4440.jpg,065926
066023_hefei_3513.jpg,066023
066397_hefei_3854.jpg,066397
066478_hefei_3803.jpg,066478
066684_hefei_3832.jpg,066684
066820_hefei_3625.jpg,066820
066856_hefei_3306.jpg,066856
066886_hefei_4280.jpg,066886
066931_hefei_4503.jpg,066931
067083_hefei_4387.jpg,067083
067115_hefei_3504.jpg,067115
067271_hefei_3823.jpg,067271
067336_hefei_4153.jpg,067336
067428_hefei_3629.jpg,067428
067484_hefei_3852.jpg,067484
067549_hefei_3285.jpg,067549
067569_hefei_3861.jpg,067569
067613_hefei_4476.jpg,067613
067635_hefei_3204.jpg,067635
067645_hefei_3719.jpg,067645
067684_hefei_4199.jpg,067684
067739_hefei_3713.jpg,067739
067803_hefei_3916.jpg,067803
067877_hefei_3310.jpg,067877
067883_hefei_3500.jpg,067883
067942_hefei_3402.jpg,067942
067966_hefei_3497.jpg,067966
068066_hefei_4233.jpg,068066
068091_hefei_3705.jpg,068091
068127_hefei_3869.jpg,068127
068266_hefei_4063.jpg,068266
068285_hefei_4263.jpg,068285
068336_hefei_4191.jpg,068336
068358_hefei_3669.jpg,068358
068401_hefei_3917.jpg,068401
068413_hefei_3395.jpg,068413
068458_hefei_4241.jpg,068458
068478_hefei_3305.jpg,068478
068540_hefei_4324.jpg,068540
068564_hefei_3553.jpg,068564
068566_hefei_3649.jpg,068566
068683_hefei_3791.jpg,068683
068701_hefei_4070.jpg,068701
068962_hefei_4338.jpg,068962
069050_hefei_4302.jpg,069050
069304_hefei_3361.jpg,069304
069337_hefei_3543.jpg,069337
069484_hefei_4049.jpg,069484
069497_hefei_3528.jpg,069497
069571_hefei_3793.jpg,069571
069713_hefei_3645.jpg,069713
069783_hefei_4163.jpg,069783
069852_hefei_3874.jpg,069852
069887_hefei_3920.jpg,069887
070067_hefei_3842.jpg,070067
070265_hefei_3707.jpg,070265
070411_hefei_3639.jpg,070411
070893_hefei_3940.jpg,070893
070915_hefei_3765.jpg,070915
070976_hefei_3732.jpg,070976
070999_hefei_3711.jpg,070999
071019_hefei_3525.jpg,071019
071110_hefei_4055.jpg,071110
071195_hefei_4292.jpg,071195
071205_hefei_4098.jpg,071205
071247_hefei_3512.jpg,071247
071299_hefei_3755.jpg,071299
071441_hefei_3659.jpg,071441
071511_hefei_3250.jpg,071511
071585_hefei_3422.jpg,071585
071633_hefei_3824.jpg,071633
071639_hefei_3703.jpg,071639
071663_hefei_3316.jpg,071663
071741_hefei_3333.jpg,071741
071804_hefei_4074.jpg,071804
071846_hefei_4255.jpg,071846
071941_hefei_3487.jpg,071941
071950_hefei_3569.jpg,071950
072042_hefei_3636.jpg,072042
072124_hefei_3796.jpg,072124
072129_hefei_3910.jpg,072129
072232_hefei_3519.jpg,072232
072257_hefei_3906.jpg,072257
072279_hefei_3262.jpg,072279
072499_hefei_3792.jpg,072499
072570_hefei_3720.jpg,072570
072948_hefei_3990.jpg,072948
073092_hefei_3739.jpg,073092
073159_hefei_3276.jpg,073159
073263_hefei_4029.jpg,073263
073677_hefei_3756.jpg,073677
073786_hefei_3401.jpg,073786
073890_hefei_4230.jpg,073890
073899_hefei_3436.jpg,073899
073899_hefei_4150.jpg,073899
074105_hefei_3740.jpg,074105
074266_hefei_3589.jpg,074266
074463_hefei_4386.jpg,074463
074492_hefei_3297.jpg,074492
074502_hefei_3676.jpg,074502
074530_hefei_3507.jpg,074530
074536_hefei_3397.jpg,074536
074622_hefei_4042.jpg,074622
074671_hefei_3408.jpg,074671
074681_hefei_3716.jpg,074681
074705_hefei_3302.jpg,074705
074783_hefei_3360.jpg,074783
074902_hefei_3808.jpg,074902
074903_hefei_4457.jpg,074903
075056_hefei_4114.jpg,075056
075080_hefei_3612.jpg,075080
075097_hefei_3195.jpg,075097
075174_hefei_3407.jpg,075174
075201_hefei_4183.jpg,075201
075326_hefei_3495.jpg,075326
075435_hefei_3480.jpg,075435
075454_hefei_3648.jpg,075454
075455_hefei_3950.jpg,075455
075684_hefei_4081.jpg,075684
076021_hefei_4429.jpg,076021
076144_hefei_3253.jpg,076144
076215_hefei_3341.jpg,076215
076300_hefei_4509.jpg,076300
076375_hefei_3904.jpg,076375
076874_hefei_3420.jpg,076874
076884_hefei_3677.jpg,076884
076947_hefei_3464.jpg,076947
077070_hefei_3712.jpg,077070
077142_hefei_3933.jpg,077142
077275_hefei_3898.jpg,077275
077355_hefei_3812.jpg,077355
077393_hefei_3964.jpg,077393
077406_hefei_4415.jpg,077406
077462_hefei_4469.jpg,077462
077486_hefei_3288.jpg,077486
077487_hefei_3406.jpg,077487
077643_hefei_4135.jpg,077643
077654_hefei_3749.jpg,077654
077858_hefei_4213.jpg,077858
077865_hefei_4075.jpg,077865
077939_hefei_4423.jpg,077939
078179_hefei_4038.jpg,078179
078272_hefei_4062.jpg,078272
078499_hefei_4142.jpg,078499
079032_hefei_3199.jpg,079032
079629_hefei_3334.jpg,079629
079954_hefei_3695.jpg,079954
080099_hefei_3689.jpg,080099
080782_hefei_3423.jpg,080782
081093_hefei_3884.jpg,081093
081233_hefei_3443.jpg,081233
081278_hefei_3603.jpg,081278
081353_hefei_3623.jpg,081353
081692_hefei_3956.jpg,081692
082158_hefei_3353.jpg,082158
082498_hefei_3799.jpg,082498
082668_hefei_3942.jpg,082668
082672_hefei_3470.jpg,082672
082788_hefei_3565.jpg,082788
083298_hefei_3651.jpg,083298
083424_hefei_3849.jpg,083424
083449_hefei_3374.jpg,083449
083530_hefei_4471.jpg,083530
083677_hefei_4018.jpg,083677
084123_hefei_3328.jpg,084123
084203_hefei_4207.jpg,084203
084225_hefei_4383.jpg,084225
084356_hefei_3827.jpg,084356
084544_hefei_3270.jpg,084544
084633_hefei_4111.jpg,084633
084693_hefei_4276.jpg,084693
084947_hefei_3575.jpg,084947
085689_hefei_3398.jpg,085689
085824_hefei_4105.jpg,085824
086106_hefei_3260.jpg,086106
086138_hefei_4215.jpg,086138
086156_hefei_3432.jpg,086156
086671_hefei_3661.jpg,086671
086698_hefei_3446.jpg,086698
086875_hefei_3424.jpg,086875
087072_hefei_3394.jpg,087072
087082_hefei_3584.jpg,087082
087413_hefei_4194.jpg,087413
087935_hefei_3723.jpg,087935
088053_hefei_4166.jpg,088053
088416_hefei_3829.jpg,088416
088537_hefei_3468.jpg,088537
089436_hefei_4138.jpg,089436
090412_hefei_3218.jpg,090412
090754_hefei_3346.jpg,090754
091025_hefei_3627.jpg,091025
091379_hefei_3356.jpg,091379
092320_hefei_3616.jpg,092320
093349_hefei_4030.jpg,093349
093621_hefei_4109.jpg,093621
094092_hefei_4147.jpg,094092
094278_hefei_4290.jpg,094278
094313_hefei_3744.jpg,094313
095293_hefei_3482.jpg,095293
095375_hefei_3318.jpg,095375
095759_hefei_3188.jpg,095759
095939_hefei_3264.jpg,095939
096023_hefei_3880.jpg,096023
096410_hefei_4316.jpg,096410
096880_hefei_3775.jpg,096880
096933_hefei_3419.jpg,096933
096940_hefei_3312.jpg,096940
097037_hefei_3840.jpg,097037
097280_hefei_4178.jpg,097280
097511_hefei_3797.jpg,097511
098064_hefei_3868.jpg,098064
098325_hefei_4352.jpg,098325
098583_hefei_3412.jpg,098583
098913_hefei_3308.jpg,098913
098964_hefei_4231.jpg,098964
099083_hefei_3294.jpg,099083
099497_hefei_3313.jpg,099497
100138_hefei_3300.jpg,100138
100687_hefei_3727.jpg,100687
101318_hefei_3336.jpg,101318
101395_hefei_4367.jpg,101395
101854_hefei_3338.jpg,101854
101895_hefei_4237.jpg,101895
102080_hefei_4431.jpg,102080
102782_hefei_3373.jpg,102782
102934_hefei_3220.jpg,102934
103016_hefei_3804.jpg,103016
103112_hefei_3416.jpg,103112
103212_hefei_3929.jpg,103212
103351_hefei_4363.jpg,103351
104707_hefei_3743.jpg,104707
106130_hefei_4262.jpg,106130
107122_hefei_3358.jpg,107122
107204_hefei_3228.jpg,107204
108034_hefei_3860.jpg,108034
108128_hefei_3675.jpg,108128
108155_hefei_3244.jpg,108155
108761_hefei_4366.jpg,108761
109147_hefei_3301.jpg,109147
109427_hefei_4390.jpg,109427
109975_hefei_3476.jpg,109975
110145_hefei_3777.jpg,110145
110650_hefei_4335.jpg,110650
110689_hefei_4266.jpg,110689
110786_hefei_3609.jpg,110786
111133_hefei_3540.jpg,111133
111689_hefei_3268.jpg,111689
112464_hefei_3805.jpg,112464
112596_hefei_3977.jpg,112596
112906_hefei_3214.jpg,112906
112938_hefei_3524.jpg,112938
113399_hefei_3936.jpg,113399
114469_hefei_3559.jpg,114469
114963_hefei_3257.jpg,114963
115230_hefei_3733.jpg,115230
115342_hefei_3996.jpg,115342
115409_hefei_3382.jpg,115409
115692_hefei_3745.jpg,115692
115763_hefei_3628.jpg,115763
116250_hefei_3655.jpg,116250
116269_hefei_3819.jpg,116269
116686_hefei_3597.jpg,116686
117262_hefei_3452.jpg,117262
117284_hefei_3687.jpg,117284
119702_hefei_3459.jpg,119702
120402_hefei_3225.jpg,120402
120459_hefei_3266.jpg,120459
120672_hefei_3580.jpg,120672
120883_hefei_3693.jpg,120883
121109_hefei_3431.jpg,121109
122347_hefei_3450.jpg,122347
122758_hefei_3384.jpg,122758
122786_hefei_3731.jpg,122786
122899_hefei_3440.jpg,122899
123011_hefei_3284.jpg,123011
123319_hefei_3909.jpg,123319
123431_hefei_3533.jpg,123431
123554_hefei_3886.jpg,123554
123843_hefei_3535.jpg,123843
124003_hefei_4086.jpg,124003
124312_hefei_3523.jpg,124312
124392_hefei_3486.jpg,124392
124939_hefei_3781.jpg,124939
125458_hefei_3205.jpg,125458
126352_hefei_3230.jpg,126352
127060_hefei_3962.jpg,127060
128458_hefei_3277.jpg,128458
128633_hefei_3683.jpg,128633
129513_hefei_3551.jpg,129513
129918_hefei_3258.jpg,129918
130006_hefei_3254.jpg,130006
133462_hefei_3237.jpg,133462
133519_hefei_4145.jpg,133519
134866_hefei_3238.jpg,134866
135146_hefei_3289.jpg,135146
136333_hefei_3845.jpg,136333
137254_hefei_3563.jpg,137254
138076_hefei_3583.jpg,138076
138360_hefei_3866.jpg,138360
138887_hefei_3579.jpg,138887
138990_hefei_3820.jpg,138990
139400_hefei_4453.jpg,139400
139499_hefei_3779.jpg,139499
139689_hefei_3332.jpg,139689
139935_hefei_3539.jpg,139935
140227_hefei_3858.jpg,140227
140446_hefei_3640.jpg,140446
140935_hefei_3620.jpg,140935
141044_hefei_3970.jpg,141044
141211_hefei_4260.jpg,141211
141514_hefei_3234.jpg,141514
141973_hefei_3632.jpg,141973
142301_hefei_4238.jpg,142301
142901_hefei_3624.jpg,142901
143080_hefei_3757.jpg,143080
143086_hefei_3862.jpg,143086
143150_hefei_3496.jpg,143150
143251_hefei_3515.jpg,143251
143558_hefei_3785.jpg,143558
144787_hefei_3729.jpg,144787
145583_hefei_4206.jpg,145583
145728_hefei_3576.jpg,145728
146178_hefei_3691.jpg,146178
147198_hefei_3753.jpg,147198
147467_hefei_4271.jpg,147467
148165_hefei_3322.jpg,148165
148523_hefei_4394.jpg,148523
150017_hefei_3320.jpg,150017
150728_hefei_3592.jpg,150728
151125_hefei_3587.jpg,151125
151142_hefei_3340.jpg,151142
151281_hefei_4218.jpg,151281
151391_hefei_3850.jpg,151391
152209_hefei_3621.jpg,152209
152376_hefei_3604.jpg,152376
155177_hefei_3385.jpg,155177
155587_hefei_3763.jpg,155587
157457_hefei_3696.jpg,157457
158491_hefei_3857.jpg,158491
161234_hefei_3532.jpg,161234
166858_hefei_4488.jpg,166858
171614_hefei_3490.jpg,171614
176421_hefei_3560.jpg,176421
179210_hefei_3615.jpg,179210
179302_hefei_3767.jpg,179302
180131_hefei_3736.jpg,180131
180763_hefei_3501.jpg,180763
182339_hefei_3454.jpg,182339
183045_hefei_3198.jpg,183045
185937_hefei_4275.jpg,185937
188818_hefei_3281.jpg,188818
190326_hefei_3837.jpg,190326
193171_hefei_3357.jpg,193171
193563_hefei_3717.jpg,193563
194153_hefei_3844.jpg,194153
196520_hefei_3190.jpg,196520
199955_hefei_3354.jpg,199955
204277_hefei_3961.jpg,204277
204323_hefei_3426.jpg,204323
206180_hefei_4508.jpg,206180
215913_hefei_3418.jpg,215913
219743_hefei_3317.jpg,219743
227464_hefei_3800.jpg,227464
239643_hefei_3571.jpg,239643
240211_hefei_3376.jpg,240211
241632_hefei_3853.jpg,241632
243988_hefei_3561.jpg,243988
261999_hefei_3760.jpg,261999
262256_hefei_4102.jpg,262256
275217_hefei_4047.jpg,275217
294021_hefei_4513.jpg,294021
296594_hefei_4382.jpg,296594
321386_hefei_3298.jpg,321386
334122_hefei_3780.jpg,334122
348976_hefei_3224.jpg,348976
383162_hefei_4408.jpg,383162
384932_hefei_4350.jpg,384932
426184_hefei_3708.jpg,426184
439134_hefei_4025.jpg,439134
500969_hefei_3599.jpg,500969
569295_hefei_3704.jpg,569295
